"id","date","sport","nom","distance_km","duree_min","denivele_m","vitesse_moy","fc_moy","calories"
"17760141685","2018-12-10 21:28:29","Course","2018-12-10-212829","4.85","28.5","5.0","10.21","",""
"17760143432","2018-12-12 20:49:22","Course","2018-12-12-204922","5.66","33.9","4.0","10.01","",""
"17760145343","2018-12-14 21:15:51","Course","2018-12-14-211551","8.47","52.9","6.0","9.62","",""
"17760146354","2018-12-15 22:01:10","Course","2018-12-15-220110","4.84","28.8","4.0","10.1","",""
"17760148271","2018-12-17 21:50:41","Course","2018-12-17-215041","6.05","37.1","4.0","9.79","",""
"17760150234","2018-12-19 18:16:41","Course","2018-12-19-181641","8.9","54.9","7.0","9.72","",""
"17760151187","2018-12-21 11:36:51","Course","2018-12-21-113651","5.01","28.7","3.0","10.47","",""
"17760152824","2018-12-22 16:56:09","Course","2018-12-22-165609","6.45","40.9","5.0","9.46","",""
"17760155050","2018-12-24 14:10:17","Course","2018-12-24-141017","9.3","57.0","8.0","9.8","",""
"17760156263","2019-01-02 15:49:37","Course","2019-01-02-204937","5.02","29.6","4.0","10.19","162.6",""
"17760157640","2019-01-04 16:30:53","Course","2019-01-04-213053","5.04","29.6","4.0","10.23","163.8",""
"17760159863","2019-01-07 17:25:27","Course","2019-01-07-222527","8.1","50.0","6.0","9.72","160.9",""
"17760161147","2019-01-09 14:11:00","Course","2019-01-09-191100","5.08","31.9","4.0","9.56","161.7",""
"17760162562","2019-01-13 16:24:53","Course","2019-01-13-212453","8.11","49.4","4.0","9.84","163.6",""
"17760164735","2019-01-14 15:32:12","Course","2019-01-14-203212","12.18","77.8","8.0","9.39","163.6",""
"17760165929","2019-01-16 16:30:00","Course","2019-01-16-213000","5.1","30.3","4.0","10.1","160.5",""
"17760167398","2019-01-18 11:46:55","Course","2019-01-18-164655","8.09","53.0","4.0","9.16","160.8",""
"17760169675","2019-02-17 14:38:08","Course","2019-02-17-193808","5.4","57.1","4.0","5.67","114.8",""
"17760170863","2019-02-19 14:31:06","Course","2019-02-19-193106","5.06","31.2","5.0","9.72","172.4",""
"17760172084","2019-02-21 15:56:26","Course","2019-02-21-205626","5.06","32.2","4.0","9.42","171.0",""
"17760174325","2019-02-24 08:06:00","Course","2019-02-24-130600","5.1","31.4","3.0","9.76","168.1",""
"17760175553","2019-03-02 06:18:39","Course","2019-03-02-111839","5.08","30.9","3.0","9.88","168.9",""
"17760176579","2019-03-04 13:25:19","Course","2019-03-04-182519","5.33","32.9","4.0","9.71","165.9",""
"17760178276","2019-03-06 15:07:04","Course","2019-03-06-200704","5.06","30.8","4.0","9.85","161.5",""
"17760180295","2019-03-09 10:41:08","Course","2019-03-09-154108","10.09","64.0","6.0","9.47","166.8",""
"17760181235","2019-03-12 16:05:44","Course","2019-03-12-200544","5.07","33.6","4.0","9.06","158.4",""
"17760183629","2019-03-14 16:19:00","Course","2019-03-14-201900","5.07","31.2","4.0","9.74","162.2",""
"17760184930","2019-03-18 09:07:21","Course","2019-03-18-130721","5.03","30.1","4.0","10.01","165.2",""
"17760185924","2019-03-20 15:57:01","Course","2019-03-20-195701","7.08","45.0","5.0","9.44","164.4",""
"17760188010","2019-03-22 15:48:32","Course","2019-03-22-194832","7.03","44.5","5.0","9.48","167.0",""
"17760189943","2019-03-25 16:24:37","Course","2019-03-25-202437","5.07","30.4","4.0","10.0","161.2",""
"17760190988","2019-03-27 17:05:04","Course","2019-03-27-210504","7.1","43.6","6.0","9.76","160.4",""
"17760193032","2019-03-29 15:56:58","Course","2019-03-29-195658","3.89","23.2","0.0","10.05","156.0",""
"17760195056","2019-03-31 14:58:58","Course","2019-03-31-185858","7.12","44.0","5.0","9.7","160.5",""
"17760196085","2019-04-05 15:30:25","Course","2019-04-05-193025","7.1","43.3","6.0","9.84","168.9",""
"17760197967","2019-04-06 13:22:07","Course","2019-04-06-172207","5.05","31.8","0.0","9.53","163.8",""
"17760200292","2019-04-07 08:35:23","Vélo","2019-04-07-123523","10.87","83.5","13.0","7.81","136.6","278.3"
"17760201156","2019-04-16 11:32:14","Course","2019-04-16-113214","9.1","135.4","66.0","4.03","",""
"17760202978","2019-04-21 09:24:21","Vélo","2019-04-21-132421","11.09","45.7","20.0","14.57","123.7","169.8"
"17760204910","2019-04-24 15:33:47","Course","2019-04-24-193347","4.47","27.9","3.0","9.62","164.6",""
"17760205938","2019-04-29 17:43:45","Course","2019-04-29-214345","3.7","24.2","0.0","9.17","161.2",""
"17760207392","2019-04-29 18:10:24","Course","2019-04-29-221024","1.11","7.7","0.0","8.69","174.6",""
"17760209575","2019-05-04 15:23:02","Course","2019-05-04-192302","5.07","32.4","4.0","9.38","166.4",""
"17760210786","2019-05-06 16:33:15","Course","2019-05-06-203315","5.05","32.2","4.0","9.41","167.3",""
"17760212245","2019-05-08 16:14:44","Course","2019-05-08-201444","7.07","48.6","5.0","8.73","166.5",""
"17760214308","2019-05-11 13:23:21","Vélo","2019-05-11-172321","17.53","38.6","9.0","27.27","152.2","301.5"
"17760215511","2019-05-11 14:07:02","Vélo","2019-05-11-180702","2.52","6.3","7.0","24.13","141.8","45.4"
"17760217088","2019-05-13 16:15:45","Course","2019-05-13-201545","4.28","28.1","5.0","9.14","165.3",""
"17760219232","2019-06-10 15:44:52","Course","2019-06-10-194452","2.49","16.6","0.0","9.01","170.9",""
"17760220421","2019-06-16 10:52:20","Vélo","2019-06-16-145220","10.05","60.5","5.0","9.98","135.5","164.0"
"17760221659","2019-06-17 16:47:54","Vélo","2019-06-17-204754","4.94","14.8","4.0","20.09","130.0","64.1"
"17760223944","2019-06-22 06:37:42","Vélo","2019-06-22-103742","26.17","112.1","28.0","14.01","126.1","376.4"
"17760224963","2019-06-22 09:06:09","Vélo","2019-06-22-130609","2.62","16.9","5.0","9.32","115.8","46.7"
"17760226573","2019-06-22 11:07:44","Vélo","2019-06-22-150744","21.38","87.2","26.0","14.72","132.6","333.9"
"17760228625","2019-07-01 08:44:55","Vélo","2019-07-01-124455","10.53","44.6","16.0","14.16","128.9","166.6"
"17760229852","2019-07-01 10:10:59","Vélo","2019-07-01-141059","10.43","49.4","15.0","12.66","127.2","165.0"
"17760230967","2019-07-21 15:57:07","Vélo","2019-07-21-195707","3.57","24.3","3.0","8.83","120.3","62.7"
"17760233095","2019-07-22 14:08:14","Course","2019-07-22-180814","3.09","20.6","4.0","8.98","165.4",""
"17760234615","2019-08-04 08:30:29","Vélo","2019-08-04-123029","26.26","108.4","32.0","14.53","117.1","397.1"
"17760235646","2019-08-11 10:25:45","Vélo","2019-08-11-142545","3.37","50.7","26.0","3.99","","107.3"
"17760237693","2019-09-14 10:48:13","Course","2019-09-14-144813","3.08","21.8","4.0","8.49","170.8",""
"17760239328","2019-09-17 15:39:52","Course","2019-09-17-193952","3.07","21.6","4.0","8.52","170.7",""
"17760240307","2019-09-19 21:54:11","Course","2019-09-19-215411","2.75","18.9","4.0","8.7","",""
"17760242349","2019-09-22 13:07:42","Course","2019-09-22-170742","3.05","21.2","4.0","8.64","163.1",""
"17760244122","2019-09-24 16:35:59","Course","2019-09-24-203559","5.06","35.6","4.0","8.52","168.2",""
"17760245117","2019-09-27 15:48:06","Course","2019-09-27-194806","2.33","16.5","0.0","8.47","163.4",""
"17760246795","2019-09-27 16:14:08","Course","2019-09-27-201408","0.58","5.0","2.0","7.04","153.4",""
"17760248857","2019-09-29 10:10:16","Course","2019-09-29-141016","3.13","21.3","0.0","8.79","160.1",""
"17760250079","2019-10-01 21:00:42","Course","2019-10-01-210042","3.02","19.6","4.0","9.22","",""
"17760251628","2019-10-03 16:08:47","Course","2019-10-03-200847","3.03","20.3","0.0","8.94","163.1",""
"17760253676","2019-10-06 13:02:50","Course","2019-10-06-170250","3.04","20.1","0.0","9.1","159.5",""
"17760254938","2019-10-08 16:12:29","Course","2019-10-08-201229","5.07","35.7","4.0","8.53","161.8",""
"17760256418","2019-10-10 17:05:42","Course","2019-10-10-210542","3.06","20.3","0.0","9.06","153.5",""
"17760258347","2019-10-12 17:34:26","Course","2019-10-12-173426","5.82","40.0","4.0","8.74","",""
"17760259706","2019-10-18 15:31:00","Course","2019-10-18-193100","5.06","33.9","3.0","8.96","167.3",""
"17760261281","2019-10-20 06:30:23","Course","2019-10-20-103023","5.28","46.2","16.0","6.85","139.2",""
"17760263237","2019-11-07 14:06:46","Course","2019-11-07-190646","0.06","0.5","0.0","7.83","96.3",""
"17760264474","2019-11-07 14:09:15","Course","2019-11-07-190915","5.11","35.3","4.0","8.68","165.6",""
"17760265955","2019-11-10 09:05:16","Course","2019-11-10-140516","4.21","28.4","2.0","8.91","165.0",""
"17760267927","2019-11-18 15:48:34","Course","2019-11-18-204834","4.09","27.8","2.0","8.82","168.5",""
"17760269093","2019-11-21 15:45:06","Vélo","2019-11-21-204506","2.04","14.5","4.0","8.47","170.1","39.2"
"17760270369","2019-11-24 12:52:32","Vélo","2019-11-24-175232","3.25","21.5","4.0","9.05","161.7","42.6"
"17760272512","2019-12-03 07:27:41","Course","2019-12-03-122741","1.48","10.1","0.0","8.73","169.5",""
"17760273819","2019-12-03 07:50:44","Course","2019-12-03-125044","2.01","14.9","4.0","8.1","166.7",""
"17760275080","2019-12-07 05:00:49","Course","2019-12-07-100049","5.99","53.5","74.0","6.72","",""
"17760277463","2019-12-21 08:35:49","Course","2019-12-21-133549","1.37","12.7","0.0","6.47","157.6",""
"17760279070","2019-12-31 09:41:37","Course","2019-12-31-144137","4.4","53.2","21.0","4.96","115.0",""
"17760280065","2020-05-05 19:15:00","Vélo","2020-05-05-191500","17.71","45.0","24.0","23.61","","314.4"
"17760282312","2020-05-07 18:13:59","Vélo","2020-05-07-181359","18.06","43.9","23.0","24.71","","268.5"
"17760283873","2020-07-15 11:03:49","Vélo","2020-07-15-110349","26.49","66.5","35.0","23.88","","388.6"
"17760284858","2020-07-16 19:35:01","Vélo","2020-07-16-193501","7.39","17.0","19.0","26.07","","118.7"
"17760286893","2020-07-21 11:59:48","Vélo","2020-07-21-115948","14.03","49.0","15.0","17.18","","160.8"
"17760288635","2020-07-22 17:13:16","Vélo","2020-07-22-171316","15.09","33.4","27.0","27.09","","243.4"
"17760289728","2020-07-24 16:57:23","Vélo","2020-07-24-165723","20.11","45.6","27.0","26.44","","312.8"
"17760291451","2020-07-26 11:45:28","Vélo","2020-07-26-114528","25.17","58.2","27.0","25.93","","388.0"
"17760293349","2020-08-01 18:14:26","Vélo","2020-08-01-181426","20.04","45.4","27.0","26.51","","311.3"
"17760294476","2020-08-08 14:04:57","Vélo","2020-08-08-140457","20.11","44.8","27.0","26.94","","319.9"
"17760296023","2020-08-09 12:25:00","Vélo","2020-08-09-122500","16.49","54.0","18.0","18.31","","168.5"
"17760297837","2020-08-09 14:46:23","Vélo","2020-08-09-144623","17.07","59.8","23.0","17.11","","177.5"
"17760298928","2020-08-13 18:18:12","Vélo","2020-08-13-181812","20.1","44.2","27.0","27.28","","323.1"
"17760300404","2020-08-17 17:22:13","Vélo","2020-08-17-172213","20.1","43.0","20.0","28.01","","328.5"
"17760302428","2020-08-19 17:07:30","Vélo","2020-08-19-170730","20.09","42.4","20.0","28.41","","335.6"
"17760303564","2020-08-27 18:28:36","Vélo","2020-08-27-182836","20.05","42.3","20.0","28.41","","333.7"
"17760304865","2020-09-01 17:24:58","Vélo","2020-09-01-172458","20.08","43.8","20.0","27.5","","321.6"
"17760307186","2020-09-10 14:13:59","Course","2020-09-10-181359","3.08","21.3","0.0","8.66","156.3",""
"17760308687","2020-09-12 08:26:09","Course","2020-09-12-122609","3.1","21.3","0.0","8.72","164.4",""
"17760309842","2020-09-19 14:55:02","Course","2020-09-19-185502","3.12","21.2","0.0","8.81","157.4",""
"17760312111","2020-09-27 13:38:23","Course","2020-09-27-173823","3.13","22.1","0.0","8.47","147.4",""
"17760313158","2020-09-30 13:35:03","Course","2020-09-30-173503","3.09","21.0","0.0","8.83","149.6",""
"17760313920","2020-10-03 13:53:04","Course","2020-10-03-175304","3.11","21.5","0.0","8.69","154.0",""
"17760316230","2020-10-14 13:22:51","Course","2020-10-14-172251","3.08","21.6","0.0","8.56","151.6",""
"17760317648","2020-10-17 08:20:23","Course","2020-10-17-122023","3.13","22.1","0.0","8.51","163.0",""
"17760318593","2020-10-20 13:05:24","Course","2020-10-20-170524","3.06","21.2","0.0","8.67","152.7",""
"17760320880","2020-10-24 12:55:50","Course","2020-10-24-165550","3.07","21.1","0.0","8.75","159.8",""
"17760322237","2020-10-28 11:37:55","Course","2020-10-28-153755","3.06","20.4","0.0","9.0","160.4",""
"17760323128","2020-10-31 11:18:33","Course","2020-10-31-151833","3.23","22.6","0.0","8.56","162.0",""
"17760325237","2020-10-31 11:43:33","Course","2020-10-31-154333","1.77","14.3","3.0","7.44","161.7",""
"17760326787","2020-11-06 11:31:57","Course","2020-11-06-163157","4.07","29.4","0.0","8.3","166.2",""
"17760327790","2020-11-06 12:08:15","Course","2020-11-06-170815","0.68","5.3","0.0","7.71","152.3",""
"17760329604","2020-11-08 12:05:11","Course","2020-11-08-170511","1.05","7.4","0.0","8.53","149.0",""
"17760331380","2020-11-08 12:15:31","Course","2020-11-08-171531","3.04","23.6","4.0","7.73","168.1",""
"17760332296","2020-11-08 12:41:43","Course","2020-11-08-174143","0.18","1.5","0.0","7.46","165.4",""
"17760334288","2020-11-10 12:23:13","Course","2020-11-10-172313","3.59","25.6","0.0","8.41","167.3",""
"17760335918","2020-11-10 12:55:40","Course","2020-11-10-175540","0.91","8.0","0.0","6.85","164.5",""
"17760337026","2020-11-14 08:45:36","Course","2020-11-14-134536","3.54","24.6","0.0","8.63","163.0",""
"17760338618","2020-11-18 11:40:36","Course","2020-11-18-164036","3.76","27.1","0.0","8.33","156.4",""
"17760340786","2020-11-18 12:21:57","Course","2020-11-18-172157","0.21","1.6","0.0","7.83","138.7",""
"17760341885","2020-11-22 12:19:29","Course","2020-11-22-171929","4.06","29.1","2.0","8.39","159.9",""
"17760343333","2020-11-22 12:51:13","Course","2020-11-22-175113","0.89","7.5","0.0","7.17","145.4",""
"17760345536","2020-11-27 12:37:04","Course","2020-11-27-173704","4.05","29.6","5.0","8.22","156.3",""
"17760346598","2020-11-27 13:17:57","Course","2020-11-27-181757","0.21","1.5","0.0","8.63","153.5",""
"17760348150","2020-11-29 11:30:59","Course","2020-11-29-163059","4.07","28.6","5.0","8.55","161.1",""
"17760350240","2020-11-29 12:05:22","Course","2020-11-29-170522","0.77","6.2","0.0","7.47","164.8",""
"17760351431","2020-12-02 12:04:28","Course","2020-12-02-170428","3.07","21.7","4.0","8.49","158.1",""
"17760352573","2020-12-02 12:29:05","Course","2020-12-02-172905","1.03","7.6","0.0","8.16","158.9",""
"17760354546","2020-12-02 12:42:28","Course","2020-12-02-174228","0.26","1.9","0.0","8.14","141.3",""
"17760356055","2020-12-06 10:40:23","Course","2020-12-06-154023","4.05","27.1","5.0","8.96","165.6",""
"17760357106","2020-12-06 11:10:30","Course","2020-12-06-161030","1.01","7.2","0.0","8.41","164.8",""
"17760359365","2020-12-10 13:27:18","Course","2020-12-10-182718","4.63","32.3","5.0","8.6","163.0",""
"17760360947","2020-12-12 09:45:14","Course","2020-12-12-144514","4.81","32.2","5.0","8.95","160.7",""
"17760361875","2020-12-14 12:54:33","Course","2020-12-14-175433","4.06","27.9","5.0","8.73","155.7",""
"17760364279","2020-12-14 13:24:28","Course","2020-12-14-182428","0.15","1.1","0.0","8.44","148.8",""
"17760365671","2020-12-20 12:06:44","Course","2020-12-20-170644","4.21","29.1","5.0","8.7","160.5",""
"17760366611","2020-12-20 12:45:55","Course","2020-12-20-174555","0.84","6.1","0.0","8.18","168.2",""
"17760368927","2020-12-23 12:38:32","Course","2020-12-23-173832","4.11","29.8","5.0","8.28","153.0",""
"17760370496","2020-12-23 13:12:25","Course","2020-12-23-181225","0.66","4.9","0.0","8.09","151.8",""
"17760371670","2020-12-27 12:39:22","Course","2020-12-27-173922","5.06","35.9","5.0","8.46","166.0",""
"17760373891","2020-12-29 11:52:20","Course","2020-12-29-165220","5.07","35.5","7.0","8.56","161.2",""
"17760375635","2021-01-02 12:32:03","Course","2021-01-02-173203","4.54","32.1","5.0","8.49","159.4",""
"17760376605","2021-01-06 13:04:52","Course","2021-01-06-180452","5.07","35.9","4.0","8.47","156.6",""
"17760378399","2021-01-08 12:44:07","Course","2021-01-08-174407","5.08","35.4","10.0","8.6","164.9",""
"17760380370","2021-01-11 13:25:10","Course","2021-01-11-182510","6.08","44.0","6.0","8.29","145.2",""
"17760381348","2021-01-13 13:07:30","Course","2021-01-13-180730","6.08","42.6","6.0","8.56","162.4",""
"17760382962","2021-01-15 13:06:34","Course","2021-01-15-180634","6.09","44.0","6.0","8.31","156.4",""
"17760385047","2021-01-20 11:52:20","Course","2021-01-20-165220","5.07","36.7","4.0","8.29","160.7",""
"17760386092","2021-01-25 12:30:48","Course","2021-01-25-173048","5.08","36.1","3.0","8.43","160.6",""
"17760387328","2021-01-25 13:15:24","Course","2021-01-25-181524","0.4","2.7","0.0","8.79","142.4",""
"17760389611","2021-02-05 11:55:57","Vélo","2021-02-05-165557","1.72","12.6","3.0","8.19","162.6","30.6"
"17760391187","2021-02-07 11:34:22","Course","2021-02-07-163422","5.03","36.9","6.0","8.19","161.4",""
"17760392422","2021-02-14 11:32:28","Course","2021-02-14-163228","5.06","35.1","5.0","8.65","168.8",""
"17760394670","2021-02-19 11:42:14","Course","2021-02-19-164214","5.08","36.2","5.0","8.41","156.7",""
"17760396113","2021-02-21 07:36:11","Course","2021-02-21-123611","3.6","25.5","3.0","8.47","161.3",""
"17760397082","2021-02-21 08:08:01","Course","2021-02-21-130801","1.51","13.0","7.0","6.96","155.2",""
"17760399372","2021-02-25 11:38:30","Course","2021-02-25-163830","5.08","36.0","5.0","8.47","163.1",""
"17760400736","2021-02-28 11:15:57","Course","2021-02-28-161557","4.89","34.3","3.0","8.55","160.6",""
"17760401681","2021-02-28 11:52:50","Course","2021-02-28-165250","0.37","2.6","0.0","8.61","158.9",""
"17760404043","2021-03-03 11:55:28","Course","2021-03-03-165528","5.08","35.1","5.0","8.69","156.7",""
"17760405500","2021-03-06 12:21:47","Course","2021-03-06-172147","6.07","42.7","6.0","8.54","160.3",""
"17760406469","2021-03-10 11:19:47","Vélo","2021-03-10-161947","2.64","19.2","0.0","8.23","169.5","37.4"
"17760408780","2021-03-12 11:56:56","Course","2021-03-12-165656","4.88","34.1","5.0","8.59","157.0",""
"17760410218","2021-03-17 13:49:47","Vélo","2021-03-17-174947","0.48","3.2","0.0","9.01","174.7","7.9"
"17760411294","2021-03-17 14:24:02","Course","2021-03-17-182402","1.02","6.7","0.0","9.07","157.7",""
"17760413490","2021-03-25 13:02:23","Vélo","2021-03-25-170223","10.28","24.2","20.0","25.48","157.1","173.4"
"17760415045","2021-03-27 13:37:38","Course","2021-03-27-173738","5.06","36.3","4.0","8.36","168.1",""
"17760416185","2021-03-30 17:12:18","Vélo","2021-03-30-171218","10.09","33.5","20.0","18.08","","112.7"
"17760418412","2021-04-01 13:23:39","Course","2021-04-01-172339","5.05","35.7","2.0","8.48","165.7",""
"17760420079","2021-04-01 14:01:59","Course","2021-04-01-180159","1.03","7.3","0.0","8.43","163.8",""
"17760421149","2021-04-03 13:13:41","Vélo","2021-04-03-131341","11.67","35.9","20.0","19.52","","139.0"
"17760423178","2021-04-09 12:45:15","Vélo","2021-04-09-164515","20.3","51.2","20.0","23.76","163.9","349.0"
"17760424994","2021-04-11 10:03:28","Vélo","2021-04-11-140328","20.29","50.3","20.0","24.22","158.9","360.9"
"17760426076","2021-04-18 08:50:33","Vélo","2021-04-18-125033","16.24","73.8","20.0","13.2","118.0","261.6"
"17760427712","2021-04-19 13:20:55","Vélo","2021-04-19-172055","20.15","47.7","20.0","25.34","160.9","365.7"
"17760429803","2021-04-20 13:00:32","Vélo","2021-04-20-170032","21.37","94.9","20.0","13.51","109.2","353.8"
"17760430885","2021-04-23 11:57:19","Vélo","2021-04-23-155719","20.2","48.9","20.0","24.78","157.0","355.0"
"17760434511","2021-04-25 09:33:51","Vélo","2021-04-25-133351","25.7","94.7","44.0","16.29","135.2","506.2"
"17760432450","2021-04-25 11:14:26","Vélo","2021-04-25-111426","24.43","85.5","27.0","17.15","","252.0"
"17760435510","2021-04-27 13:46:22","Vélo","2021-04-27-174622","25.15","62.4","21.0","24.19","157.9","465.6"
"17760437264","2021-05-02 09:40:06","Vélo","2021-05-02-134006","36.48","98.8","32.0","22.16","163.5","678.5"
"17760439156","2021-05-03 11:57:39","Vélo","2021-05-03-155739","20.21","45.7","21.0","26.54","158.4","363.1"
"17760440425","2021-05-04 16:33:24","Vélo","2021-05-04-163324","20.19","43.0","20.0","28.2","161.7","338.3"
"17760441656","2021-05-06 17:26:16","Vélo","2021-05-06-172616","25.24","53.0","20.0","28.58","157.1","427.0"
"17760443727","2021-05-08 14:23:03","Vélo","2021-05-08-142303","20.61","64.7","30.0","19.12","115.8","202.4"
"17760445063","2021-05-10 13:14:17","Vélo","2021-05-10-131417","1.67","4.2","2.0","23.9","154.1","23.1"
"17760446171","2021-05-14 17:36:25","Vélo","2021-05-14-173625","25.53","55.3","21.0","27.7","155.9","417.2"
"17760448499","2021-05-15 14:32:42","Vélo","2021-05-15-143242","14.87","53.3","14.0","16.75","118.7","146.2"
"17760449946","2021-05-15 15:40:59","Vélo","2021-05-15-154059","15.89","56.1","17.0","17.0","112.4","153.7"
"17760451004","2021-05-16 14:02:48","Vélo","2021-05-16-140248","18.43","66.5","19.0","16.64","109.8","180.7"
"17760453187","2021-05-18 16:23:34","Vélo","2021-05-18-162334","25.06","53.5","21.0","28.12","162.5","418.1"
"17760454694","2021-05-21 11:04:25","Vélo","2021-05-21-110425","8.09","30.2","11.0","16.05","104.8","85.8"
"17760455796","2021-05-21 12:10:55","Vélo","2021-05-21-121055","20.12","47.1","24.0","25.62","164.2","316.1"
"17760458081","2021-05-23 16:00:28","Vélo","2021-05-23-160028","25.08","55.1","21.0","27.29","161.8","404.5"
"17760459636","2021-05-24 11:20:50","Vélo","2021-05-24-112050","18.25","78.1","164.0","14.02","115.7","295.9"
"17760460640","2021-05-28 16:15:52","Vélo","2021-05-28-161552","25.14","51.4","21.0","29.38","166.3","438.5"
"17760462678","2021-05-29 09:56:41","Vélo","2021-05-29-095641","16.76","56.7","9.0","17.73","112.6","163.3"
"17760464344","2021-05-29 11:39:39","Vélo","2021-05-29-113939","17.72","61.1","18.0","17.41","105.5","191.4"
"17760465361","2021-05-30 11:51:33","Vélo","2021-05-30-115133","17.36","71.9","138.0","14.5","111.9","270.3"
"17760467252","2021-06-01 19:47:06","Vélo","2021-06-01-194706","25.06","51.8","21.0","29.01","166.4","431.5"
"17760469262","2021-06-02 16:25:42","Vélo","2021-06-02-162542","23.58","50.4","17.0","28.1","158.3","386.0"
"17760470292","2021-06-06 17:11:04","Vélo","2021-06-06-171104","23.43","54.8","38.0","25.68","162.0","375.5"
"17760471932","2021-06-08 16:38:28","Vélo","2021-06-08-163828","0.0","0.0","0.0","0.0","0.0",""
"17760474235","2021-06-17 16:47:01","Vélo","2021-06-17-164701","20.36","42.0","9.0","29.07","163.5","353.7"
"17760475209","2021-06-19 13:47:15","Vélo","2021-06-19-134715","24.36","86.5","25.0","16.9","127.6","252.5"
"17760476993","2021-06-19 16:05:58","Vélo","2021-06-19-160558","31.4","117.9","47.0","15.98","114.1","324.8"
"17760479317","2021-06-20 15:33:43","Vélo","2021-06-20-153343","25.11","53.7","21.0","28.07","160.0","415.9"
"17760480192","2021-06-23 16:42:39","Vélo","2021-06-23-164239","25.13","54.5","21.0","27.67","155.8","407.8"
"17760481687","2021-06-25 11:53:46","Vélo","2021-06-25-115346","15.14","36.5","25.0","24.86","156.2","215.1"
"17760483989","2021-06-28 16:07:41","Vélo","2021-06-28-160741","25.34","56.0","21.0","27.15","154.7","410.7"
"17760485145","2021-07-01 12:44:30","Vélo","2021-07-01-124430","25.1","53.7","21.0","28.04","161.1","410.7"
"17760486490","2021-07-02 15:30:06","Vélo","2021-07-02-153006","25.08","53.7","19.0","28.01","158.4","415.9"
"17760488678","2021-07-04 16:05:57","Vélo","2021-07-04-160557","10.59","44.4","9.0","14.31","113.5","102.6"
"17760490064","2021-07-05 12:53:54","Vélo","2021-07-05-125354","7.13","93.2","90.0","4.59","96.0","123.8"
"17760491293","2021-07-06 16:39:34","Vélo","2021-07-06-163934","25.11","55.6","19.0","27.11","163.1","402.9"
"17760493693","2021-07-09 13:45:47","Vélo","2021-07-09-134547","42.25","98.2","58.0","25.82","156.7","692.4"
"17760495119","2021-07-11 11:48:45","Vélo","2021-07-11-114845","25.17","53.9","21.0","28.0","158.9","417.7"
"17760496433","2021-07-12 19:58:10","Vélo","2021-07-12-195810","25.12","52.7","21.0","28.59","158.5","417.6"
"17760498657","2021-07-15 17:49:00","Vélo","2021-07-15-174900","25.14","54.2","21.0","27.85","161.6","406.2"
"17760500330","2021-07-17 17:20:09","Vélo","2021-07-17-172009","25.06","53.0","21.0","28.38","159.5","415.0"
"17760501460","2021-07-18 17:06:48","Vélo","2021-07-18-170648","30.1","63.6","21.0","28.38","158.1","495.2"
"17760503754","2021-07-19 17:22:58","Vélo","2021-07-19-172258","2.37","5.6","8.0","25.33","140.0","41.2"
"17760505609","2021-07-21 16:51:21","Vélo","2021-07-21-165121","30.12","63.4","21.0","28.51","149.6","500.1"
"17760506683","2021-07-22 16:37:59","Vélo","2021-07-22-163759","30.18","64.2","21.0","28.18","152.4","494.2"
"17760508742","2021-07-24 09:50:38","Vélo","2021-07-24-095038","27.15","64.0","63.0","25.46","155.0","485.9"
"17760510656","2021-07-24 11:33:21","Vélo","2021-07-24-113321","29.8","71.0","36.0","25.19","154.2","462.0"
"17760511645","2021-07-25 12:15:01","Vélo","2021-07-25-121501","2.38","8.3","8.0","17.21","105.8","29.1"
"17760513522","2021-07-25 14:56:24","Vélo","2021-07-25-145624","0.0","0.0","0.0","0.0","0.0",""
"17760515720","2021-07-26 17:15:56","Vélo","2021-07-26-171556","30.22","64.1","21.0","28.29","151.4","500.8"
"17760516802","2021-07-30 16:20:42","Vélo","2021-07-30-162042","30.23","63.9","21.0","28.4","158.2","500.8"
"17760518621","2021-08-01 12:41:46","Vélo","2021-08-01-124146","23.19","47.5","18.0","29.29","149.9","392.4"
"17760520783","2021-08-01 13:48:19","Vélo","2021-08-01-134819","18.13","38.8","19.0","28.07","153.1","302.6"
"17760521851","2021-08-03 16:32:56","Vélo","2021-08-03-163256","30.1","65.8","17.0","27.46","150.6","474.9"
"17760523700","2021-08-04 15:22:21","Vélo","2021-08-04-152221","40.14","88.9","33.0","27.09","143.0","623.9"
"17760526032","2021-08-07 10:30:00","Vélo","2021-08-07-103000","20.62","71.4","14.0","17.32","98.8","195.5"
"17760527112","2021-08-07 12:31:29","Vélo","2021-08-07-123129","24.34","96.3","49.0","15.16","110.9","234.9"
"17760528536","2021-08-09 17:03:24","Vélo","2021-08-09-170324","30.1","63.8","17.0","28.32","159.9","488.1"
"17760531098","2021-08-10 17:30:59","Vélo","2021-08-10-173059","15.72","33.2","9.0","28.39","142.8","252.6"
"17760532468","2021-08-14 16:29:18","Vélo","2021-08-14-162918","40.14","85.1","33.0","28.3","157.2","670.3"
"17760533533","2021-08-16 18:09:47","Vélo","2021-08-16-180947","30.1","63.0","17.0","28.67","158.8","498.7"
"17760536290","2021-08-18 18:44:12","Vélo","2021-08-18-184412","30.09","63.9","20.0","28.26","161.3","493.5"
"17760542610","2021-08-21 18:30:44","Vélo","2021-08-21-183044","40.18","88.5","37.0","27.23","154.1","641.1"
"17760543593","2021-08-23 17:36:06","Vélo","2021-08-23-173606","30.07","65.2","18.0","27.67","153.0","475.9"
"17760546161","2021-08-25 19:22:10","Vélo","2021-08-25-192210","40.14","91.7","33.0","26.27","157.7","604.6"
"17760547728","2021-08-26 19:35:07","Vélo","2021-08-26-193507","30.14","66.6","17.0","27.17","152.2","470.3"
"17760548703","2021-08-28 13:48:09","Vélo","2021-08-28-134809","30.1","63.9","18.0","28.27","156.7","489.2"
"17760550951","2021-08-31 16:03:11","Vélo","2021-08-31-160311","30.17","63.9","12.0","28.31","149.7","490.9"
"17760552834","2021-09-01 16:08:12","Vélo","2021-09-01-160812","40.12","85.3","33.0","28.22","155.3","668.3"
"17760553833","2021-09-03 16:58:53","Vélo","2021-09-03-165853","40.16","86.8","33.0","27.76","150.6","652.0"
"17760555869","2021-09-08 20:28:18","Course","2021-09-08-202818","5.02","37.8","4.0","7.97","161.1",""
"17760557810","2021-09-09 16:22:55","Vélo","2021-09-09-162255","10.71","23.7","20.0","27.14","141.4","174.1"
"17760558802","2021-09-10 17:14:15","Vélo","2021-09-10-171415","40.16","87.3","32.0","27.6","158.8","649.8"
"17760560431","2021-09-13 19:16:20","Course","2021-09-13-191620","5.02","38.3","5.0","7.87","161.0",""
"17760562914","2021-09-14 16:34:09","Vélo","2021-09-14-163409","30.09","63.6","12.0","28.39","151.5","492.1"
"17760563873","2021-09-16 17:11:33","Vélo","2021-09-16-171133","40.1","85.7","33.0","28.08","151.0","659.0"
"17760565541","2021-09-19 19:40:47","Course","2021-09-19-194047","5.02","37.4","5.0","8.06","157.8",""
"17760567842","2021-09-20 17:36:18","Vélo","2021-09-20-173618","40.18","87.4","33.0","27.59","147.1","646.4"
"17760568773","2021-09-22 20:14:49","Course","2021-09-22-201449","5.02","38.2","5.0","7.89","160.6",""
"17760570270","2021-09-24 16:36:19","Vélo","2021-09-24-163619","40.24","89.2","33.0","27.07","151.6","634.6"
"17760572763","2021-09-26 14:37:00","Vélo","2021-09-26-143700","24.66","58.1","52.0","25.46","155.5","420.7"
"17760573810","2021-09-26 15:43:28","Vélo","2021-09-26-154328","26.5","64.8","26.0","24.54","150.7","402.8"
"17760575015","2021-09-30 16:34:05","Vélo","2021-09-30-163405","40.07","85.8","33.0","28.01","155.4","655.9"
"17760577516","2021-10-03 20:08:15","Vélo","2021-10-03-200815","0.0","0.0","0.0","0.0","0.0",""
"17760578771","2021-10-05 21:16:30","Vélo","2021-10-05-211630","8.04","61.6","6.0","7.83","167.4","58.6"
"17760580007","2021-10-07 16:00:47","Vélo","2021-10-07-160047","40.18","86.6","33.0","27.84","153.7","653.0"
"17760582277","2021-10-08 21:20:14","Course","2021-10-08-212014","10.06","80.2","6.0","7.53","155.1",""
"17760583770","2021-10-10 17:18:55","Course","2021-10-10-171855","10.03","79.6","6.0","7.56","157.1",""
"17760584728","2021-10-13 21:30:08","Vélo","2021-10-13-213008","0.0","0.0","0.0","0.0","0.0",""
"17760587265","2021-10-15 19:55:10","Course","2021-10-15-195510","10.0","77.9","6.0","7.7","160.3",""
"17760588634","2021-10-18 19:26:30","Course","2021-10-18-192630","5.02","36.6","5.0","8.24","155.8",""
"17760589801","2021-10-21 17:31:55","Course","2021-10-21-173155","10.12","79.0","6.0","7.69","161.5",""
"17760592240","2021-10-24 20:35:25","Course","2021-10-24-203525","10.04","75.3","6.0","8.0","156.5",""
"17760593702","2021-10-27 17:56:35","Course","2021-10-27-175635","5.04","36.0","5.0","8.4","162.9",""
"17760594652","2021-10-29 16:25:29","Course","2021-10-29-162529","10.09","73.3","6.0","8.27","164.6",""
"17760596792","2021-11-01 20:49:32","Course","2021-11-01-204932","5.02","36.0","5.0","8.37","157.9",""
"17760598479","2021-11-04 20:07:28","Course","2021-11-04-200728","10.06","76.2","6.0","7.91","157.8",""
"17760599500","2021-11-07 20:29:41","Course","2021-11-07-202941","5.03","34.6","4.0","8.72","162.7",""
"17760601630","2021-11-11 20:38:00","Course","2021-11-11-203800","10.01","76.6","6.0","7.83","163.3",""
"17760603619","2021-11-14 20:43:00","Course","2021-11-14-204300","5.01","35.6","5.0","8.45","156.9",""
"17760604666","2021-11-17 16:48:57","Course","2021-11-17-164857","10.03","72.5","6.0","8.29","164.1",""
"17760606333","2021-11-22 19:27:34","Course","2021-11-22-192734","10.01","75.2","6.0","7.99","164.2",""
"17760608489","2021-11-25 15:34:49","Course","2021-11-25-153449","10.04","75.3","6.0","8.0","160.7",""
"17760609618","2021-11-28 18:59:03","Course","2021-11-28-185903","10.03","71.0","6.0","8.48","156.5",""
"17760611038","2021-12-01 21:20:24","Course","2021-12-01-212024","5.06","34.0","4.0","8.93","160.0",""
"17760613333","2021-12-04 16:57:23","Course","2021-12-04-165723","10.07","70.8","6.0","8.53","161.8",""
"17760614532","2021-12-08 17:22:48","Course","2021-12-08-172248","5.05","33.3","4.0","9.1","165.8",""
"17760615815","2021-12-10 16:51:31","Course","2021-12-10-165131","10.03","71.3","6.0","8.44","158.8",""
"17760618144","2021-12-13 17:31:20","Course","2021-12-13-173120","10.01","71.4","6.0","8.41","160.2",""
"17760619633","2021-12-15 17:08:32","Course","2021-12-15-170832","10.03","74.0","6.0","8.13","161.1",""
"17760620832","2021-12-22 11:11:05","Course","2021-12-22-111105","10.02","73.0","6.0","8.24","166.8",""
"17760623084","2021-12-27 16:20:01","Course","2021-12-27-162001","10.03","72.9","6.0","8.25","163.5",""
"17760624553","2021-12-31 16:47:28","Course","2021-12-31-164728","10.23","78.0","6.0","7.88","151.7",""
"17760625547","2022-01-09 19:54:57","Course","2022-01-09-195457","5.01","38.8","5.0","7.75","166.1",""
"17760627963","2022-02-02 21:13:45","Course","2022-02-02-211345","5.05","33.9","4.0","8.95","160.5",""
"17760629501","2022-02-07 20:03:57","Vélo","2022-02-07-200357","10.2","72.4","6.0","8.45","160.4","67.8"
"17760630635","2022-02-11 18:33:41","Course","2022-02-11-183341","10.02","70.0","6.0","8.59","166.4",""
"17760632918","2022-02-16 20:45:35","Course","2022-02-16-204535","5.03","34.0","4.0","8.87","159.4",""
"17760634400","2022-03-02 16:57:11","Course","2022-03-02-165711","10.05","73.3","6.0","8.23","164.0",""
"17760635309","2022-03-09 17:12:01","Course","2022-03-09-171201","5.01","33.7","5.0","8.92","158.8",""
"17760637575","2022-03-12 16:21:05","Course","2022-03-12-162105","10.03","71.6","6.0","8.41","159.2",""
"17760639182","2022-03-14 16:19:11","Vélo","2022-03-14-161911","5.21","34.5","4.0","9.05","161.3","41.6"
"17760640119","2022-03-15 16:36:25","Vélo","2022-03-15-163625","5.01","12.8","13.0","23.55","132.8","78.3"
"17760642160","2022-03-21 17:19:53","Vélo","2022-03-21-171953","6.91","18.0","10.0","23.02","","151.3"
"17760643883","2022-03-21 20:45:55","Course","2022-03-21-204555","5.03","34.0","4.0","8.89","164.6",""
"17760644949","2022-04-04 19:50:18","Course","2022-04-04-195018","5.02","34.4","4.0","8.76","162.9",""
"17760646934","2022-04-06 20:07:25","Course","2022-04-06-200725","5.01","33.1","4.0","9.08","167.7",""
"17760648735","2022-04-10 21:49:50","Course","2022-04-10-214950","5.01","35.5","4.0","8.46","156.3",""
"17760649709","2022-04-15 14:56:12","Vélo","2022-04-15-145612","29.98","65.2","12.0","27.61","160.7","480.6"
"17760651745","2022-04-17 16:48:55","Vélo","2022-04-17-164855","15.31","34.9","20.0","26.33","","234.6"
"17761067172","2022-04-18 17:42:31","Vélo","2022-04-18-174231","30.06","66.0","18.0","27.33","153.7","470.4"
"17761068441","2022-04-22 17:00:26","Vélo","2022-04-22-170026","20.45","46.4","13.0","26.44","","306.2"
"17761069838","2022-04-22 17:59:25","Vélo","2022-04-22-175925","20.09","43.0","20.0","28.06","156.2","324.1"
"17761071424","2022-04-24 15:55:03","Vélo","2022-04-24-155503","25.11","55.2","21.0","27.31","158.3","398.0"
"17761072820","2022-04-27 16:58:53","Course","2022-04-27-165853","5.04","35.6","5.0","8.5","163.5",""
"17761074228","2022-04-28 18:31:07","Vélo","2022-04-28-183107","40.14","90.7","33.0","26.56","156.1","621.9"
"17761075888","2022-04-30 16:12:01","Vélo","2022-04-30-161201","40.1","86.7","33.0","27.77","153.0","647.7"
"17761077164","2022-05-05 16:00:19","Vélo","2022-05-05-160019","40.12","89.0","33.0","27.04","160.2","633.6"
"17761078476","2022-05-06 17:46:20","Vélo","2022-05-06-174620","40.1","86.4","33.0","27.86","147.4","652.2"
"17761080094","2022-05-07 12:42:45","Vélo","2022-05-07-124245","15.62","44.4","20.0","21.11","130.7","200.3"
"17761081366","2022-05-08 15:08:55","Vélo","2022-05-08-150855","50.24","119.1","57.0","25.31","151.7","759.7"
"17761082625","2022-05-10 11:42:36","Vélo","2022-05-10-114236","40.14","88.6","33.0","27.17","154.8","631.3"
"17761084265","2022-05-18 07:15:46","Vélo","2022-05-18-071546","24.93","62.6","56.0","23.89","","388.2"
"17761085654","2022-05-18 17:29:14","Vélo","2022-05-18-173013","25.29","61.6","36.0","24.62","158.0","383.9"
"17761086720","2022-05-21 09:45:44","Vélo","2022-05-21-094544","50.52","119.2","70.0","25.43","159.6","777.3"
"17761088502","2022-05-23 10:23:08","Vélo","2022-05-23-102308","40.16","87.6","33.0","27.5","150.2","639.0"
"17761089861","2022-05-25 16:06:51","Vélo","2022-05-25-160651","40.13","86.4","33.0","27.87","152.1","655.5"
"17761091023","2022-05-29 09:50:51","Vélo","2022-05-29-095051","50.38","113.2","68.0","26.69","155.4","809.0"
"17761093281","2022-06-05 09:55:00","Vélo","2022-06-05-095500","50.21","110.5","59.0","27.28","155.7","812.9"
"17761094050","2022-06-08 15:41:53","Vélo","2022-06-08-154153","25.18","53.5","13.0","28.27","152.1","406.8"
"17761095210","2022-06-11 09:57:19","Vélo","2022-06-11-095719","50.4","116.6","58.0","25.94","159.9","788.7"
"17761097170","2022-06-15 07:03:35","Vélo","2022-06-15-070335","23.22","64.0","64.0","21.77","145.3","356.5"
"17761098436","2022-06-15 17:32:28","Vélo","2022-06-15-173228","22.95","59.8","36.0","23.02","143.4","329.9"
"17761099551","2022-06-20 10:50:24","Vélo","2022-06-20-105024","50.23","112.9","56.0","26.7","151.5","787.6"
"17761101182","2022-06-29 06:53:32","Vélo","2022-06-29-065332","24.78","59.8","54.0","24.88","143.8","390.3"
"17761102510","2022-06-29 17:25:19","Vélo","2022-06-29-172519","25.57","62.8","33.0","24.43","137.2","374.3"
"17761103665","2022-07-02 12:38:42","Vélo","2022-07-02-123842","50.56","122.5","95.0","24.76","159.4","781.6"
"17761105298","2022-07-06 17:06:40","Vélo","2022-07-06-170640","25.62","60.2","33.0","25.54","149.3","398.8"
"17761106667","2022-07-08 16:15:21","Vélo","2022-07-08-161521","40.47","86.9","32.0","27.95","145.9","671.1"
"17761107689","2022-07-13 06:45:31","Vélo","2022-07-13-064531","24.95","59.9","58.0","25.0","142.4","395.9"
"17761109208","2022-07-13 16:55:53","Vélo","2022-07-13-165553","25.29","62.9","33.0","24.12","141.1","384.7"
"17761110780","2022-07-20 16:56:18","Vélo","2022-07-20-165618","23.33","50.7","20.0","27.59","154.1","370.0"
"17761111677","2022-07-20 18:18:01","Vélo","2022-07-20-181801","17.05","37.4","13.0","27.36","155.2","274.2"
"17761113125","2022-07-22 17:33:34","Vélo","2022-07-22-173334","40.19","86.1","31.0","28.0","","653.7"
"17761114799","2022-07-27 16:55:55","Vélo","2022-07-27-165555","40.14","89.0","32.0","27.07","161.2","632.6"
"17761116135","2022-07-30 14:13:38","Vélo","2022-07-30-141338","18.01","40.9","16.0","26.41","140.5","273.8"
"17761117513","2022-08-05 16:40:08","Vélo","2022-08-05-164008","50.37","113.7","63.0","26.57","157.3","810.5"
"17761119186","2022-08-10 06:55:07","Vélo","2022-08-10-065507","25.18","60.8","56.0","24.84","152.7","404.3"
"17761120184","2022-08-10 17:35:47","Vélo","2022-08-10-173547","25.4","60.8","33.0","25.07","152.8","393.3"
"17761120941","2022-08-15 09:19:23","Vélo","2022-08-15-091923","17.38","38.1","16.0","27.38","145.3","278.5"
"17761123260","2022-08-16 09:24:31","Vélo","2022-08-16-092431","70.55","161.4","107.0","26.22","152.8","1079.2"
"17761124242","2022-08-26 16:56:48","Vélo","2022-08-26-165648","40.23","85.2","37.0","28.32","156.9","663.9"
"17761125131","2022-08-27 17:21:41","Vélo","2022-08-27-172141","40.17","86.6","29.0","27.83","149.2","642.7"
"17761127293","2022-08-28 14:46:24","Vélo","2022-08-28-144624","50.33","113.8","63.0","26.53","150.4","797.9"
"17761128399","2022-08-29 16:50:38","Vélo","2022-08-29-165038","40.17","88.8","28.0","27.14","145.2","633.8"
"17761129197","2022-09-01 17:52:08","Vélo","2022-09-01-175208","30.11","65.2","17.0","27.73","144.2","481.2"
"17761131477","2022-09-05 13:54:14","Vélo","2022-09-05-135414","40.19","87.1","33.0","27.69","156.2","637.4"
"17761132675","2022-09-12 17:08:30","Vélo","2022-09-12-170830","25.1","52.6","18.0","28.61","156.4","418.1"
"17761133533","2022-09-12 18:46:06","Vélo","2022-09-12-184606","15.16","37.9","10.0","24.0","","226.4"
"17761135596","2022-09-17 17:13:31","Course","2022-09-17-171331","5.02","38.8","5.0","7.77","167.7",""
"17761136848","2022-09-21 17:37:53","Vélo","2022-09-21-173753","30.14","68.3","11.0","26.48","157.9","447.2"
"17761137744","2022-09-27 19:21:12","Course","2022-09-27-192112","5.01","38.6","5.0","7.8","166.1",""
"17761139492","2022-09-29 17:53:42","Course","2022-09-29-175342","5.05","36.4","4.0","8.33","170.0",""
"17761140878","2022-10-02 15:58:59","Course","2022-10-02-155859","5.04","36.1","5.0","8.37","165.0",""
"17761141814","2022-10-06 17:39:19","Course","2022-10-06-173919","5.1","36.4","4.0","8.4","165.2",""
"17761143673","2022-10-12 17:52:40","Course","2022-10-12-175240","5.06","36.3","4.0","8.37","165.1",""
"17761144970","2022-10-17 17:13:00","Vélo","2022-10-17-171300","3.89","25.4","0.0","9.19","160.0","34.7"
"17761145815","2022-10-17 17:45:46","Course","2022-10-17-174546","1.51","11.1","4.0","8.15","166.4",""
"17761147649","2022-10-19 17:34:49","Course","2022-10-19-173449","5.03","36.9","4.0","8.18","161.7",""
"17761149079","2022-10-25 18:34:07","Course","2022-10-25-183407","5.08","37.2","4.0","8.2","162.0",""
"17761149882","2022-11-27 16:31:18","Course","2022-11-27-163118","5.02","37.5","4.0","8.04","167.0",""
"17761151592","2022-12-09 17:31:56","Course","2022-12-09-173156","5.12","37.4","4.0","8.2","155.4",""
"17761153028","2022-12-13 17:34:57","Vélo","2022-12-13-173457","5.69","36.0","4.0","9.48","155.4","54.4"
"17761153880","2022-12-31 14:39:35","Course","2022-12-31-143935","5.01","33.6","4.0","8.94","",""
"17761155297","2023-01-07 17:29:05","Course","2023-01-07-172905","5.03","34.4","4.0","8.76","162.4",""
"17761156985","2023-01-09 16:59:04","Course","2023-01-09-165904","5.03","34.5","4.0","8.74","162.5",""
"17761157915","2023-01-12 18:06:40","Course","2023-01-12-180640","5.04","37.5","4.0","8.06","164.0",""
"17761159324","2023-01-20 19:34:25","Course","2023-01-20-193425","5.01","38.4","4.0","7.83","166.5",""
"17761160826","2023-01-24 18:36:43","Course","2023-01-24-183643","5.02","35.2","5.0","8.55","160.8",""
"17761161730","2023-02-01 19:04:47","Course","2023-02-01-190447","5.17","37.3","4.0","8.31","161.2",""
"17761163173","2023-02-05 16:07:45","Course","2023-02-05-160745","5.04","37.1","4.0","8.14","162.9",""
"17761164913","2023-02-08 19:15:36","Course","2023-02-08-191536","5.05","38.4","4.0","7.89","159.5",""
"17761165752","2023-02-10 16:33:38","Course","2023-02-10-163338","5.04","35.9","4.0","8.43","157.4",""
"17761167097","2023-02-19 21:54:51","Course","2023-02-19-215451","5.03","35.4","4.0","8.54","162.6",""
"17761168473","2023-03-01 20:57:42","Course","2023-03-01-205742","5.08","35.9","4.0","8.5","162.1",""
"17761169420","2023-03-04 18:18:49","Course","2023-03-04-181849","5.01","37.7","4.0","7.96","160.8",""
"17761170602","2023-03-07 18:10:05","Course","2023-03-07-181005","5.04","35.2","4.0","8.58","153.9",""
"17761172194","2023-03-09 18:16:26","Course","2023-03-09-181626","5.02","35.8","4.0","8.41","153.7",""
"17761173241","2023-03-13 20:15:44","Course","2023-03-13-201544","5.04","35.7","4.0","8.47","158.7",""
"17761174430","2023-03-15 20:06:10","Course","2023-03-15-200610","5.07","35.5","4.0","8.59","158.1",""
"17761176212","2023-03-20 19:23:54","Course","2023-03-20-192354","5.05","33.5","4.0","9.05","162.0",""
"17761177216","2023-03-23 17:39:27","Course","2023-03-23-173927","5.04","35.2","3.0","8.59","159.4",""
"17761178336","2023-03-26 17:32:06","Course","2023-03-26-173206","5.03","34.0","4.0","8.88","158.4",""
"17761180154","2023-03-28 18:33:55","Course","2023-03-28-183355","5.02","34.2","4.0","8.79","159.0",""
"17761181121","2023-03-30 11:44:13","Course","2023-03-30-114413","5.03","33.3","4.0","9.05","162.6",""
"17761182360","2023-03-31 19:01:25","Course","2023-03-31-190125","5.03","34.4","4.0","8.78","154.4",""
"17761183989","2023-04-01 16:57:55","Vélo","2023-04-01-165755","15.17","35.0","20.0","26.02","","229.6"
"17761185094","2023-04-04 18:55:17","Course","2023-04-04-185517","5.03","34.5","4.0","8.76","155.9",""
"17761186071","2023-04-08 13:02:14","Course","2023-04-08-130214","5.05","34.2","4.0","8.86","165.7",""
"17761188000","2023-04-10 12:31:58","Vélo","2023-04-10-123158","25.15","63.9","57.0","23.63","151.6","388.7"
"17761189207","2023-04-10 13:50:08","Vélo","2023-04-10-135008","18.74","50.0","22.0","22.51","143.3","249.1"
"17761189934","2023-04-10 15:13:18","Vélo","2023-04-10-151318","7.06","19.5","11.0","21.73","145.4","93.4"
"17761191856","2023-04-12 06:56:35","Vélo","2023-04-12-065635","25.07","69.6","57.0","21.61","140.6","367.4"
"17761193128","2023-04-12 17:34:51","Vélo","2023-04-12-173451","25.21","66.7","29.0","22.67","131.2","337.1"
"17761194010","2023-04-13 07:13:19","Vélo","2023-04-13-071319","25.26","70.1","57.0","21.63","136.3","377.0"
"17761195763","2023-04-13 17:26:23","Vélo","2023-04-13-172623","26.08","71.1","37.0","22.01","132.3","354.9"
"17761196925","2023-04-14 07:20:51","Vélo","2023-04-14-072051","25.13","72.1","57.0","20.91","131.3","368.0"
"17761197820","2023-04-14 16:39:50","Vélo","2023-04-14-163950","25.62","69.0","31.0","22.27","127.2","341.1"
"17761199629","2023-05-01 18:17:31","Course","2023-05-01-181731","5.03","36.0","4.0","8.38","163.7",""
"17761200789","2023-05-05 17:48:42","Vélo","2023-05-05-174842","30.29","67.0","20.0","27.13","153.5","469.9"
"17761201618","2023-05-08 06:58:11","Vélo","2023-05-08-065811","26.76","69.7","58.0","23.03","146.4","407.1"
"17761203519","2023-05-08 17:38:06","Vélo","2023-05-08-173806","27.38","67.6","34.0","24.31","137.4","414.9"
"17761204702","2023-05-09 07:06:10","Vélo","2023-05-09-070610","26.7","69.5","57.0","23.04","138.0","395.2"
"17761205489","2023-05-09 17:40:13","Vélo","2023-05-09-174013","26.27","66.6","32.0","23.67","139.5","374.9"
"17761207307","2023-05-10 07:10:40","Vélo","2023-05-10-071040","27.21","74.5","57.0","21.92","136.7","401.5"
"17761208625","2023-05-10 17:07:42","Vélo","2023-05-10-170742","26.21","69.2","34.0","22.73","132.3","357.0"
"17761209372","2023-05-15 07:12:42","Vélo","2023-05-15-071242","21.45","53.8","20.0","23.91","133.2","303.2"
"17761211159","2023-05-15 16:52:20","Vélo","2023-05-15-165220","26.32","69.3","35.0","22.79","139.0","378.6"
"17761212557","2023-05-24 06:58:46","Vélo","2023-05-24-065846","26.77","65.8","55.0","24.42","146.3","410.4"
"17761213315","2023-05-24 17:38:09","Vélo","2023-05-24-173809","26.72","70.6","33.0","22.71","140.5","382.7"
"17761215075","2023-05-25 07:09:17","Vélo","2023-05-25-070917","27.11","69.9","55.0","23.28","147.9","417.1"
"17761216406","2023-05-25 18:29:18","Vélo","2023-05-25-182918","26.39","70.1","41.0","22.58","140.6","401.4"
"17761217252","2023-05-29 07:12:43","Vélo","2023-05-29-071243","26.86","68.3","56.0","23.59","143.7","409.6"
"17761218894","2023-05-29 17:03:14","Vélo","2023-05-29-170314","26.48","65.8","34.0","24.16","138.3","397.8"
"17761220277","2023-05-30 17:36:16","Vélo","2023-05-30-173616","27.15","69.4","28.0","23.48","132.4","402.7"
"17761221063","2023-06-01 07:23:41","Vélo","2023-06-01-072341","27.43","68.6","55.0","23.99","144.1","432.9"
"17761222857","2023-06-01 17:46:41","Vélo","2023-06-01-174641","26.39","68.1","35.0","23.25","132.8","395.4"
"17761224257","2023-06-05 07:15:21","Vélo","2023-06-05-071521","25.75","62.4","54.0","24.78","140.2","424.7"
"17761225179","2023-06-05 17:21:59","Vélo","2023-06-05-172159","25.27","59.9","33.0","25.3","143.5","409.4"
"17761226848","2023-06-06 07:17:08","Vélo","2023-06-06-071708","25.76","62.6","55.0","24.67","138.5","423.2"
"17761228131","2023-06-06 17:09:24","Vélo","2023-06-06-170924","25.17","59.2","36.0","25.51","137.6","390.4"
"17761229083","2023-06-09 07:14:49","Vélo","2023-06-09-071449","25.79","65.7","59.0","23.54","141.3","409.0"
"17761230552","2023-06-09 16:39:53","Vélo","2023-06-09-163953","25.44","63.0","33.0","24.22","135.7","390.5"
"17761231994","2023-06-12 16:59:21","Vélo","2023-06-12-165921","25.03","63.2","34.0","23.77","137.1","384.9"
"17761233032","2023-06-19 07:13:27","Vélo","2023-06-19-071327","24.33","64.8","60.0","22.54","145.2","391.9"
"17761234296","2023-06-19 16:55:11","Vélo","2023-06-19-165511","26.12","63.6","38.0","24.63","149.9","417.0"
"17761235677","2023-06-20 17:38:24","Vélo","2023-06-20-173824","26.25","69.8","38.0","22.55","139.8","396.4"
"17761236787","2023-06-26 12:36:57","Vélo","2023-06-26-123657","4.75","9.6","8.0","29.74","141.2","81.4"
"17761238093","2023-06-27 07:08:25","Vélo","2023-06-27-070825","25.87","66.5","55.0","23.32","147.6","402.5"
"17761239684","2023-06-27 17:18:17","Vélo","2023-06-27-171817","25.31","63.9","29.0","23.76","138.5","365.9"
"17761240576","2023-06-28 07:19:41","Vélo","2023-06-28-071941","25.73","64.4","56.0","23.97","138.2","402.7"
"17761242013","2023-06-28 17:02:04","Vélo","2023-06-28-170204","25.25","62.7","33.0","24.15","141.8","373.6"
"17761243545","2023-07-07 11:24:24","Vélo","2023-07-07-112424","32.93","75.1","50.0","26.31","151.5","509.6"
"17761244599","2023-07-07 14:33:39","Vélo","2023-07-07-143339","33.03","77.7","49.0","25.51","160.1","497.6"
"17761245680","2023-07-10 07:19:14","Vélo","2023-07-10-071914","26.1","66.8","57.0","23.43","148.3","396.3"
"17761247264","2023-07-10 18:03:39","Vélo","2023-07-10-180339","25.62","69.9","33.0","21.98","129.2","361.2"
"17761248376","2023-07-11 16:58:43","Vélo","2023-07-11-165843","29.99","66.5","20.0","27.07","155.5","445.1"
"17761249360","2023-07-12 07:34:47","Vélo","2023-07-12-073447","25.98","69.9","55.0","22.3","139.6","385.6"
"17761251015","2023-07-12 17:36:24","Vélo","2023-07-12-173624","25.27","66.1","33.0","22.95","136.1","354.9"
"17761252079","2023-07-16 13:39:59","Vélo","2023-07-16-133959","42.13","100.3","39.0","25.2","156.7","616.5"
"17761253081","2023-07-17 07:29:30","Vélo","2023-07-17-072930","25.85","68.2","56.0","22.75","141.1","398.4"
"17761254441","2023-07-17 17:25:58","Vélo","2023-07-17-172558","27.46","68.5","36.0","24.05","141.2","399.5"
"17761255562","2023-07-23 12:42:04","Vélo","2023-07-23-124204","32.98","79.5","50.0","24.89","158.2","486.5"
"17761256445","2023-07-23 15:01:50","Vélo","2023-07-23-150150","33.0","79.2","46.0","24.99","159.2","475.8"
"17761258353","2023-07-24 07:22:46","Vélo","2023-07-24-072246","25.85","69.6","58.0","22.3","139.0","377.0"
"17761259462","2023-08-03 17:56:21","Vélo","2023-08-03-175621","31.35","75.8","40.0","24.81","147.3","463.5"
"17761260554","2023-08-21 07:23:33","Vélo","2023-08-21-072333","25.79","67.2","55.0","23.01","149.8","388.3"
"17761262042","2023-08-21 16:52:56","Vélo","2023-08-21-165256","25.51","63.3","38.0","24.18","145.3","359.8"
"17761263266","2023-08-22 07:15:49","Vélo","2023-08-22-071549","23.14","58.7","30.0","23.67","142.6","324.7"
"17761264137","2023-08-22 08:15:38","Vélo","2023-08-22-081538","2.48","12.9","25.0","11.55","143.7","56.6"
"17761265777","2023-08-22 17:14:06","Vélo","2023-08-22-171406","25.5","66.0","33.0","23.19","142.1","353.9"
"17761267037","2023-08-23 07:45:51","Vélo","2023-08-23-074551","25.49","68.5","54.0","22.32","141.2","373.2"
"17761267966","2023-08-23 16:59:03","Vélo","2023-08-23-165903","25.37","67.2","33.0","22.64","135.6","362.7"
"17761269188","2023-08-28 07:27:33","Vélo","2023-08-28-072733","25.96","67.7","58.0","23.0","149.1","392.9"
"17761270743","2023-08-28 16:45:19","Vélo","2023-08-28-164519","25.47","65.6","33.0","23.29","145.2","364.9"
"17761271734","2023-08-31 07:23:53","Vélo","2023-08-31-072353","25.68","70.0","57.0","22.0","152.2","372.6"
"17761273057","2023-08-31 19:15:18","Vélo","2023-08-31-191518","1.87","4.1","0.0","27.16","121.5","24.3"
"17761274562","2023-09-05 17:08:52","Vélo","2023-09-05-170852","34.55","83.7","40.0","24.76","159.9","513.7"
"17761275374","2023-09-06 07:17:24","Vélo","2023-09-06-071724","25.79","70.8","57.0","21.85","143.3","376.1"
"17761277099","2023-09-06 17:00:21","Vélo","2023-09-06-170021","24.71","68.1","29.0","21.76","145.8","337.1"
"17761278314","2023-09-06 18:18:21","Vélo","2023-09-06-181821","1.48","3.8","0.0","23.41","144.6","22.4"
"17761279166","2023-09-11 07:18:42","Vélo","2023-09-11-071842","25.43","68.5","56.0","22.26","144.2","372.6"
"17761280895","2023-09-11 17:02:08","Vélo","2023-09-11-170208","25.38","62.8","35.0","24.26","145.7","385.9"
"17761282200","2023-09-20 16:54:38","Vélo","2023-09-20-165438","25.6","66.4","38.0","23.13","138.9","369.8"
"17761283042","2023-10-02 07:26:03","Vélo","2023-10-02-072603","25.71","67.8","54.0","22.75","154.7","395.3"
"17761284811","2023-10-02 17:16:51","Vélo","2023-10-02-171651","28.32","74.2","42.0","22.9","140.5","397.3"
"17761285846","2023-10-11 18:35:43","Vélo","2023-10-11-183543","3.31","23.1","0.0","8.59","168.7","23.6"
"17761286777","2023-10-13 17:32:09","Course","2023-10-13-173209","3.04","23.0","0.0","7.91","158.4",""
"17761288466","2023-10-15 17:34:30","Vélo","2023-10-15-173430","4.5","28.6","5.0","9.43","165.0","42.0"
"17761289655","2023-10-17 17:35:49","Course","2023-10-17-173549","5.36","36.0","4.0","8.94","162.8",""
"17761290428","2023-10-20 17:57:06","Course","2023-10-20-175706","5.12","36.0","3.0","8.55","163.7",""
"17761291687","2023-10-24 17:10:09","Course","2023-10-24-171009","5.07","35.7","4.0","8.51","159.4",""
"17761293253","2023-10-30 21:58:27","Course","2023-10-30-215827","5.02","35.2","4.0","8.56","156.8",""
"17761294093","2023-11-01 17:07:22","Course","2023-11-01-170722","5.04","33.9","4.0","8.93","160.6",""
"17761295421","2023-11-05 17:22:41","Course","2023-11-05-172241","5.04","34.8","4.0","8.7","163.9",""
"17761297084","2023-11-09 20:49:40","Course","2023-11-09-204940","5.08","35.1","4.0","8.69","160.1",""
"17761297856","2023-11-13 19:37:03","Course","2023-11-13-193703","5.03","35.4","4.0","8.53","152.9",""
"17761299425","2023-11-20 18:15:36","Course","2023-11-20-181536","5.03","34.3","4.0","8.79","152.2",""
"17761300878","2023-11-25 14:11:14","Course","2023-11-25-141114","5.03","34.8","4.0","8.68","161.6",""
"17761301619","2023-12-05 20:17:53","Course","2023-12-05-201753","5.02","35.9","4.0","8.39","156.6",""
"17761302834","2023-12-10 22:09:01","Course","2023-12-10-220901","5.05","36.5","4.0","8.31","156.3",""
"17761304664","2023-12-25 17:20:07","Course","2023-12-25-172007","5.05","37.8","4.0","8.0","159.7",""
"17761305450","2024-01-01 17:28:07","Course","2024-01-01-172807","5.04","35.8","4.0","8.45","156.8",""
"17761306425","2024-01-07 22:12:35","Course","2024-01-07-221235","5.02","40.1","4.0","7.51","158.1",""
"17761307981","2024-01-14 21:59:51","Course","2024-01-14-215951","5.03","37.3","4.0","8.09","157.6",""
"17761309211","2024-01-19 19:18:58","Course","2024-01-19-191858","5.03","34.4","4.0","8.78","156.3",""
"17761310364","2024-01-23 22:14:00","Course","2024-01-23-221400","5.02","34.3","4.0","8.78","157.3",""
"17761312185","2024-02-13 17:10:09","Course","2024-02-13-171009","5.03","36.1","4.0","8.36","",""
"17761313085","2024-02-18 12:59:21","Course","2024-02-18-125921","5.11","36.8","4.0","8.34","164.0",""
"17761313998","2024-02-25 14:00:29","Course","2024-02-25-140029","5.14","36.0","5.0","8.55","167.1",""
"17761315634","2024-02-27 19:09:24","Course","2024-02-27-190924","5.04","35.6","4.0","8.49","165.7",""
"17761316516","2024-03-02 18:31:07","Course","2024-03-02-183107","5.02","36.6","7.0","8.23","156.5",""
"17761317528","2024-03-03 14:06:15","Course","2024-03-03-140615","5.01","36.0","7.0","8.34","",""
"17761319347","2024-03-04 17:45:50","Vélo","2024-03-04-174550","10.3","26.0","20.0","23.78","140.0","146.5"
"17761320324","2024-03-07 16:32:01","Vélo","2024-03-07-163201","7.6","18.6","9.0","24.53","146.3","105.5"
"17761321223","2024-03-07 17:01:34","Vélo","2024-03-07-170134","7.55","17.7","12.0","25.56","151.7","115.1"
"17761322745","2024-03-14 17:44:18","Vélo","2024-03-14-174418","25.41","59.4","16.0","25.68","152.3","370.1"
"17761323866","2024-03-16 17:59:56","Course","2024-03-16-175956","5.04","36.4","4.0","8.29","153.9",""
"17761324721","2024-03-23 18:30:48","Vélo","2024-03-23-183048","6.18","45.5","7.0","8.15","157.5","45.1"
"17761326479","2024-03-25 17:06:10","Course","2024-03-25-170610","5.0","36.1","4.0","8.31","157.4",""
"17761327592","2024-03-27 16:17:48","Vélo","2024-03-27-161748","30.07","79.4","17.0","22.74","","403.7"
"17761328550","2024-04-07 15:13:14","Vélo","2024-04-07-151315","44.05","98.8","62.0","26.76","153.0","489.5"
"17761330106","2024-04-09 06:52:30","Vélo","2024-04-09-065230","25.74","69.8","55.0","22.13","145.1","359.8"
"17761331258","2024-04-09 17:10:26","Vélo","2024-04-09-171026","25.23","79.1","32.0","19.13","140.3","293.3"
"17761332220","2024-04-11 07:04:34","Vélo","2024-04-11-070434","25.79","70.8","55.0","21.85","137.8","360.4"
"17761333795","2024-04-11 17:21:56","Vélo","2024-04-11-172156","25.16","72.8","30.0","20.74","133.7","314.5"
"17761334886","2024-04-15 07:12:23","Vélo","2024-04-15-071223","25.72","68.9","55.0","22.41","142.4","359.2"
"17761335689","2024-04-15 17:02:21","Vélo","2024-04-15-170221","25.71","70.4","32.0","21.91","141.0","332.6"
"17761337297","2024-04-26 16:31:10","Vélo","2024-04-26-163110","4.32","11.2","2.0","23.2","124.9","56.7"
"17761338452","2024-04-26 16:44:12","Vélo","2024-04-26-164412","4.35","11.1","3.0","23.62","134.1","58.0"
"17761339330","2024-04-29 07:13:56","Vélo","2024-04-29-071356","25.77","70.6","55.0","21.9","153.4","356.1"
"17761340863","2024-04-29 17:22:20","Vélo","2024-04-29-172220","25.09","73.8","33.0","20.41","138.3","299.9"
"17761342075","2024-05-22 07:17:06","Vélo","2024-05-22-071706","28.18","78.0","59.0","21.69","154.9","404.6"
"17761342777","2024-05-22 17:29:27","Vélo","2024-05-22-172927","25.31","74.3","32.0","20.43","137.3","310.0"
"17761344291","2024-05-31 17:47:56","Vélo","2024-05-31-174756","35.35","86.3","40.0","24.57","150.3","509.2"
"17761345545","2024-06-01 13:04:04","Vélo","2024-06-01-130404","50.54","127.1","59.0","23.85","144.3","696.3"
"17761346201","2024-06-03 07:22:54","Vélo","2024-06-03-072254","24.83","73.5","58.0","20.27","138.2","338.3"
"17761347844","2024-06-03 17:32:03","Vélo","2024-06-03-173203","24.36","66.5","35.0","21.98","137.1","325.1"
"17761349067","2024-06-05 07:24:00","Vélo","2024-06-05-072400","24.64","70.2","59.0","21.07","143.1","343.1"
"17761349761","2024-06-05 17:18:30","Vélo","2024-06-05-171830","24.34","69.5","35.0","21.02","129.2","308.6"
"17761351294","2024-06-11 07:25:08","Vélo","2024-06-11-072508","24.6","69.6","58.0","21.2","150.2","351.3"
"17761352522","2024-06-11 17:41:18","Vélo","2024-06-11-174118","24.44","65.7","35.0","22.34","143.2","337.2"
"17761353309","2024-06-13 09:43:14","Vélo","2024-06-13-094314","24.64","63.9","58.0","23.13","146.3","381.5"
"17761354896","2024-06-13 17:50:20","Vélo","2024-06-13-175020","1.09","3.0","0.0","22.01","108.4","20.2"
"17761356082","2024-06-13 17:53:43","Vélo","2024-06-13-175343","23.38","63.2","35.0","22.19","139.1","324.3"
"17761356940","2024-06-16 13:59:18","Vélo","2024-06-16-135918","35.22","87.0","83.0","24.3","141.0","522.6"
"17761358336","2024-06-19 07:22:31","Vélo","2024-06-19-072231","25.84","73.0","56.0","21.25","143.2","360.0"
"17761359642","2024-06-19 18:03:54","Vélo","2024-06-19-180354","25.31","68.4","33.0","22.19","135.4","329.0"
"17761360334","2024-06-25 07:34:16","Vélo","2024-06-25-073416","27.4","77.1","55.0","21.33","131.5","375.0"
"17761361714","2024-06-25 17:59:57","Vélo","2024-06-25-175957","24.86","70.8","33.0","21.08","133.1","315.8"
"17761363263","2024-06-30 12:54:38","Vélo","2024-06-30-125438","49.66","127.9","50.0","23.3","156.4","677.5"
"17761363906","2024-07-02 07:24:22","Vélo","2024-07-02-072422","27.34","73.7","54.0","22.26","148.1","383.4"
"17761365502","2024-07-02 17:48:57","Vélo","2024-07-02-174857","25.36","69.6","33.0","21.87","141.5","324.4"
"17761366941","2024-07-04 07:12:15","Vélo","2024-07-04-071215","27.55","78.8","55.0","20.99","138.4","374.0"
"17761367787","2024-07-04 17:44:31","Vélo","2024-07-04-174431","25.76","73.5","33.0","21.03","128.3","328.0"
"17761369149","2024-07-08 06:30:22","Vélo","2024-07-08-063022","27.54","69.6","56.0","23.73","142.8","412.4"
"17761370508","2024-07-08 16:29:33","Vélo","2024-07-08-162933","25.45","66.6","33.0","22.92","141.6","354.6"
"17761371299","2024-07-14 13:01:50","Vélo","2024-07-14-130150","48.65","124.4","50.0","23.46","148.2","670.7"
"17761372740","2024-07-16 07:23:15","Vélo","2024-07-16-072315","27.48","72.9","56.0","22.62","144.3","385.1"
"17761374228","2024-07-16 17:58:11","Vélo","2024-07-16-175811","25.78","66.9","34.0","23.11","143.7","357.1"
"17761375299","2024-07-18 07:00:29","Vélo","2024-07-18-070029","27.53","71.9","55.0","22.97","140.3","394.2"
"17761376697","2024-07-18 17:32:33","Vélo","2024-07-18-173233","25.78","65.4","33.0","23.65","128.3","363.8"
"17761378071","2024-07-19 07:27:06","Vélo","2024-07-19-072706","26.9","70.8","54.0","22.78","132.2","386.1"
"17761378856","2024-07-19 17:58:15","Vélo","2024-07-19-175815","26.21","70.0","65.0","22.49","133.9","392.7"
"17761380113","2024-07-22 07:17:34","Vélo","2024-07-22-071734","27.52","64.7","55.0","25.53","144.4","453.9"
"17761381584","2024-07-22 17:41:17","Vélo","2024-07-22-174117","25.91","62.8","33.0","24.75","140.4","389.5"
"17761382367","2024-07-24 07:23:52","Vélo","2024-07-24-072352","27.56","68.5","56.0","24.13","144.0","425.5"
"17761383561","2024-07-24 17:32:20","Vélo","2024-07-24-173220","25.32","62.2","33.0","24.43","138.0","373.7"
"17761384820","2024-07-30 17:36:56","Vélo","2024-07-30-173656","22.86","54.9","29.0","25.0","147.4","355.0"
"17761385619","2024-07-30 18:35:17","Vélo","2024-07-30-183517","2.74","6.2","4.0","26.55","163.1","39.0"
"17761386734","2024-08-01 07:13:55","Vélo","2024-08-01-071355","27.46","70.8","55.0","23.28","144.4","413.3"
"17761388061","2024-08-01 16:23:25","Vélo","2024-08-01-162325","25.73","61.5","33.0","25.11","143.8","378.8"
"17761388921","2024-08-06 07:22:37","Vélo","2024-08-06-072237","27.53","68.0","55.0","24.28","145.0","435.8"
"17761390080","2024-08-06 17:57:51","Vélo","2024-08-06-175751","25.43","58.6","32.0","26.06","145.9","408.4"
"17761391470","2024-08-07 07:18:16","Vélo","2024-08-07-071816","27.68","72.9","55.0","22.78","134.3","405.8"
"17761392392","2024-08-07 17:07:01","Vélo","2024-08-07-170701","25.57","62.6","30.0","24.51","131.5","381.4"
"17761393351","2024-08-08 07:11:51","Vélo","2024-08-08-071151","27.56","71.8","55.0","23.02","135.9","407.1"
"17761394860","2024-08-08 17:47:17","Vélo","2024-08-08-174717","1.5","5.2","0.0","17.46","106.9","11.3"
"17761395829","2024-08-08 17:52:58","Vélo","2024-08-08-175258","0.0","0.0","0.0","0.0","0.0",""
"17761396648","2024-08-14 07:23:39","Vélo","2024-08-14-072339","27.51","68.1","55.0","24.25","141.2","430.8"
"17761398298","2024-08-14 16:49:59","Vélo","2024-08-14-164959","26.57","66.5","36.0","23.97","","400.6"
"17761399191","2024-08-26 07:36:20","Vélo","2024-08-26-073620","2.23","5.7","0.0","23.4","128.6","29.1"
"17761399867","2024-08-26 17:28:17","Vélo","2024-08-26-172817","25.46","61.7","32.0","24.77","148.0","388.6"
"17761401523","2024-08-28 07:41:53","Vélo","2024-08-28-074153","27.42","70.6","56.0","23.29","151.0","415.4"
"17761402612","2024-08-28 17:40:02","Vélo","2024-08-28-174002","25.24","57.8","36.0","26.19","148.6","393.8"
"17761403441","2024-09-05 07:16:46","Vélo","2024-09-05-071646","25.96","60.4","32.0","25.8","148.7","394.1"
"17761405055","2024-09-05 08:18:19","Vélo","2024-09-05-081819","0.01","0.0","0.0","46.73","147.0",""
"17761406084","2024-09-05 17:54:49","Vélo","2024-09-05-175449","25.35","61.3","33.0","24.8","143.2","380.6"
"17761406885","2024-09-16 17:16:20","Vélo","2024-09-16-171620","25.53","62.8","33.0","24.39","145.1","373.4"
"17761408563","2024-09-19 07:27:51","Vélo","2024-09-19-072751","27.34","64.2","56.0","25.56","143.6","430.8"
"17761409570","2024-09-19 17:32:23","Vélo","2024-09-19-173223","25.29","62.0","32.0","24.48","134.8","372.2"
"17761410270","2024-09-23 07:22:56","Vélo","2024-09-23-072256","27.48","63.5","56.0","25.98","144.6","457.2"
"17761411758","2024-09-23 17:20:37","Vélo","2024-09-23-172037","25.22","60.2","32.0","25.15","142.4","390.5"
"17761412920","2024-10-01 07:07:52","Vélo","2024-10-01-070752","27.35","63.8","56.0","25.73","141.4","436.9"
"17761413650","2024-10-01 17:29:47","Vélo","2024-10-01-172947","25.23","61.3","32.0","24.7","138.0","384.0"
"17761415025","2024-10-03 07:27:24","Vélo","2024-10-03-072724","27.44","65.3","55.0","25.22","146.2","434.4"
"17761416394","2024-10-03 17:51:56","Vélo","2024-10-03-175156","25.44","60.5","33.0","25.23","140.0","388.2"
"17761417133","2024-10-11 15:26:15","Course","2024-10-11-152615","3.04","18.8","0.0","9.71","163.8",""
"17761418512","2024-10-13 17:28:49","Course","2024-10-13-172849","5.03","30.6","5.0","9.86","161.8",""
"17761419701","2024-10-15 16:07:58","Course","2024-10-15-160758","5.06","29.8","5.0","10.19","164.0",""
"17761420452","2024-10-17 17:16:36","Course","2024-10-17-171636","5.05","28.8","5.0","10.5","161.7",""
"17761422010","2024-10-20 15:35:36","Course","2024-10-20-153536","5.05","29.7","6.0","10.21","157.9",""
"17761423180","2024-10-23 15:15:40","Course","2024-10-23-151540","5.04","30.7","9.0","9.85","155.4",""
"17761423963","2024-10-25 18:58:08","Course","2024-10-25-185808","5.06","28.2","4.0","10.75","159.1",""
"17761425268","2024-11-04 16:35:22","Course","2024-11-04-163522","5.07","28.9","4.0","10.52","159.7",""
"17761426747","2024-11-09 14:36:37","Course","2024-11-09-143637","7.07","42.4","6.0","10.01","161.1",""
"17761427450","2024-11-11 17:53:29","Course","2024-11-11-175329","5.06","28.4","5.0","10.7","163.3",""
"17761428779","2024-11-14 18:13:58","Course","2024-11-14-181358","5.05","27.3","5.0","11.11","162.8",""
"17761430149","2024-11-16 18:27:07","Course","2024-11-16-182707","5.1","27.1","5.0","11.3","160.6",""
"17761430858","2024-11-18 14:42:33","Course","2024-11-18-144233","5.08","28.8","4.0","10.58","153.3",""
"17761432074","2024-11-20 17:17:43","Course","2024-11-20-171743","10.08","58.6","6.0","10.32","156.2",""
"17761433219","2024-11-23 22:18:57","Course","2024-11-23-221857","5.08","27.6","4.0","11.05","153.4",""
"17761434252","2024-11-25 20:57:38","Course","2024-11-25-205738","10.06","57.6","6.0","10.48","152.7",""
"17761435474","2024-11-27 18:10:24","Course","2024-11-27-181024","5.04","27.6","4.0","10.95","154.3",""
"17761436803","2024-11-29 18:55:56","Course","2024-11-29-185556","5.05","28.7","5.0","10.56","149.3",""
"17761437513","2024-12-01 16:32:28","Course","2024-12-01-163228","12.11","71.0","9.0","10.23","150.1",""
"17761438666","2024-12-04 18:53:09","Course","2024-12-04-185309","5.05","28.0","5.0","10.83","158.7",""
"17761439970","2024-12-08 17:27:42","Course","2024-12-08-172742","10.08","58.5","3.0","10.33","151.4",""
"17761440857","2024-12-11 19:30:08","Course","2024-12-11-193008","5.05","27.4","4.0","11.08","155.0",""
"17761441930","2024-12-16 18:24:22","Course","2024-12-16-182422","5.17","28.4","5.0","10.91","149.8",""
"17761443205","2024-12-20 18:25:20","Course","2024-12-20-182520","5.06","27.8","5.0","10.95","163.0",""
"17761444031","2024-12-23 21:18:16","Course","2024-12-23-211816","5.03","28.9","5.0","10.45","156.5",""
"17761445030","2024-12-27 18:13:12","Course","2024-12-27-181312","5.04","28.1","5.0","10.79","155.0",""
"14347296386","2025-01-06 17:43:20","Course","Course à pied dans l'après-midi","5.04","28.4","5.0","10.64","153.2",""
"14347296376","2025-01-07 19:20:17","Course","Course à pied en soirée","5.04","29.7","5.0","10.17","154.8",""
"14347296139","2025-01-10 18:48:34","Course","Course à pied en soirée","5.06","27.5","5.0","11.05","155.6",""
"14347296160","2025-01-13 20:52:38","Course","Course à pied en soirée","5.05","30.0","5.0","10.08","154.9",""
"14347296447","2025-01-15 16:43:03","Course","Course à pied dans l'après-midi","5.04","27.8","5.0","10.9","150.2",""
"14347296290","2025-01-18 10:16:03","Course","Course à pied le matin","10.15","58.1","22.0","10.47","158.6",""
"14347296214","2025-01-21 17:24:02","Course","Course à pied dans l'après-midi","0.3","1.5","0.0","11.94","160.3",""
"14347296212","2025-01-25 14:06:56","Vélo","Sortie vélo dans l'après-midi","0.58","3.2","0.0","10.86","164.0","4.9"
"14347296225","2025-01-29 20:36:18","Course","Course à pied en soirée","0.47","2.7","0.0","10.44","166.1",""
"14347296234","2025-02-01 10:14:03","Course","Course à pied le matin","0.09","0.1","0.0","37.3","164.0",""
"14347296245","2025-02-03 20:14:25","Course","Course à pied en soirée","5.06","31.1","5.0","9.77","157.2",""
"14347296306","2025-02-05 20:31:23","Course","Course à pied en soirée","5.06","26.4","5.0","11.52","155.3",""
"14347296323","2025-02-08 10:14:48","Course","Course à pied le matin","13.63","78.8","12.0","10.38","157.5",""
"14347296391","2025-02-12 22:04:51","Course","Course à pied de nuit","5.03","26.4","5.0","11.41","157.6",""
"14347296435","2025-02-15 09:59:58","Course","Course à pied le matin","10.24","62.1","37.0","9.9","155.9",""
"14347296407","2025-02-20 15:02:11","Course","Course à pied dans l'après-midi","5.07","28.0","5.0","10.88","152.4",""
"14347296438","2025-02-22 11:08:19","Course","Course à pied le midi","10.46","62.6","40.0","10.03","155.6",""
"14347296458","2025-02-24 19:00:22","Course","Course à pied en soirée","5.05","27.5","5.0","11.02","156.1",""
"14347296280","2025-02-27 16:52:25","Course","Course à pied dans l'après-midi","5.06","27.4","4.0","11.07","158.0",""
"14347296417","2025-03-01 10:18:42","Course","Course à pied le matin","10.21","64.1","43.0","9.56","155.0",""
"14347296416","2025-03-03 11:43:32","Course","Course à pied le midi","10.04","54.1","6.0","11.12","157.5",""
"17761446500","2025-03-04 17:49:51","Course","2025-03-04-174951","5.05","28.8","5.0","10.52","152.5",""
"14347296401","2025-03-08 11:25:21","Course","Course à pied le midi","15.05","86.9","20.0","10.39","154.1",""
"14347296394","2025-03-11 19:49:04","Course","Course à pied en soirée","5.06","26.5","5.0","11.45","157.5",""
"14347318526","2025-03-15 11:39:56","Vélo","Sortie vélo le midi","25.11","56.5","21.0","26.64","144.8","396.1"
"14347318511","2025-03-15 13:08:52","Course","Course à pied dans l'après-midi","5.04","27.0","5.0","11.19","162.0",""
"14347318568","2025-03-17 20:03:04","Course","Course à pied en soirée","5.06","26.9","4.0","11.3","151.2",""
"14347318549","2025-03-18 17:30:09","Vélo","Sortie vélo dans l'après-midi","20.09","44.9","21.0","26.87","139.7","328.6"
"14347318379","2025-03-22 11:01:30","Course","Course à pied le midi","9.07","52.2","16.0","10.43","155.7",""
"14347318470","2025-03-22 12:04:31","Course","Course à pied le midi","1.43","8.4","5.0","10.17","160.2",""
"14347318359","2025-03-24 21:38:03","Course","Course à pied de nuit","5.07","27.2","5.0","11.2","154.3",""
"14347318508","2025-03-27 21:05:10","Course","Course à pied de nuit","5.05","26.1","5.0","11.63","154.2",""
"14347318333","2025-03-29 11:13:01","Course","Course à pied le midi","5.06","27.1","4.0","11.21","149.4",""
"14347318693","2025-03-31 19:46:40","Course","Course à pied en soirée","5.05","26.5","5.0","11.46","",""
"14347318339","2025-04-07 17:13:11","Course","Course à pied dans l'après-midi","5.05","27.7","5.0","10.95","156.3",""
"14347318674","2025-04-09 19:50:44","Course","Course à pied en soirée","5.06","25.9","5.0","11.71","167.0",""
"14347318706","2025-04-13 14:52:51","Vélo","Sortie vélo dans l'après-midi","18.7","41.3","14.0","27.16","144.6","292.8"
"14347318550","2025-04-13 15:58:06","Vélo","Sortie vélo dans l'après-midi","21.57","47.0","19.0","27.54","146.0","364.7"
"14347318733","2025-04-14 07:12:58","Vélo","Sortie vélo le matin","25.83","64.3","56.0","24.09","133.6","411.5"
"14347318836","2025-04-14 17:20:19","Vélo","Sortie vélo dans l'après-midi","25.42","63.6","34.0","23.98","131.6","371.6"
"14347318671","2025-04-20 13:35:54","Course","Course à pied dans l'après-midi","5.03","27.8","5.0","10.85","153.4",""
"14347318826","2025-04-20 14:33:36","Vélo","Sortie vélo dans l'après-midi","30.26","68.6","27.0","26.47","145.2","485.0"
"14347318772","2025-04-23 09:42:48","Vélo","Sortie vélo le matin","30.28","71.9","72.0","25.26","148.0","487.4"
"14347318715","2025-04-25 18:31:15","Course","Course à pied en soirée","5.06","27.0","5.0","11.25","152.0",""
"14347318500","2025-04-27 15:08:03","Course","Course à pied dans l'après-midi","5.03","26.9","5.0","11.23","150.8",""
"14347318545","2025-04-29 07:08:52","Vélo","Sortie vélo le matin","25.0","60.8","56.0","24.66","138.6","421.5"
"14347318548","2025-04-29 16:44:19","Vélo","Sortie vélo dans l'après-midi","26.17","62.1","30.0","25.26","140.9","393.2"
"14343260958","2025-05-01 07:14:40","Vélo","Morning Ride","24.8","58.1","56.0","25.59","","430.3"
"14367627364","2025-05-01 17:11:16","Vélo","Afternoon Ride","25.52","58.5","29.0","26.18","","427.0"
"14367627329","2025-05-03 13:28:27","Course","Afternoon Run","5.01","27.2","5.0","11.06","",""
"14378127147","2025-05-04 13:12:32","Course","Afternoon Run","5.01","28.4","5.0","10.6","147.6",""
"14404531563","2025-05-07 07:15:35","Vélo","Morning Ride","24.64","56.2","56.0","26.33","134.7","434.9"
"14410070635","2025-05-07 17:26:21","Vélo","Afternoon Ride","25.56","62.0","29.0","24.75","134.5","392.3"
"14420256473","2025-05-08 17:45:41","Course","Afternoon Run","5.0","26.3","4.0","11.4","151.0",""
"14438297563","2025-05-10 12:51:07","Course","Lunch Run","5.0","27.6","5.0","10.88","147.0",""
"14449915808","2025-05-11 13:40:26","Vélo","Afternoon Ride","30.01","64.3","72.0","28.0","137.2","517.4"
"14466343286","2025-05-13 07:19:50","Vélo","Morning Ride","29.8","72.7","84.0","24.6","133.8","492.7"
"14471827719","2025-05-13 16:21:50","Vélo","Afternoon Ride","28.02","68.2","54.0","24.67","134.7","446.1"
"14488030768","2025-05-15 07:11:45","Vélo","Morning Ride","27.25","65.3","74.0","25.04","129.2","457.8"
"14493447974","2025-05-15 17:40:26","Vélo","Afternoon Ride","27.58","68.2","52.0","24.28","128.9","438.3"
"14522846082","2025-05-18 14:38:32","Course","Afternoon Run","5.01","26.9","5.0","11.21","155.7",""
"14532602961","2025-05-19 13:24:49","Vélo","Afternoon Ride","60.06","133.3","72.0","27.03","140.2","983.6"
"14544981374","2025-05-20 18:22:21","Course","Evening Run","5.0","26.6","5.0","11.28","153.1",""
"14554091721","2025-05-21 12:55:29","Vélo","Lunch Ride","60.01","136.9","78.0","26.31","134.1","981.5"
"14573395692","2025-05-23 15:50:50","Course","Afternoon Run","5.01","27.6","4.0","10.86","149.1",""
"14599442995","2025-05-26 07:26:04","Vélo","Morning Ride","27.22","65.2","75.0","25.07","124.9","453.9"
"14604802459","2025-05-26 16:46:16","Vélo","Afternoon Ride","27.72","67.2","52.0","24.73","122.4","447.6"
"14614711160","2025-05-27 16:55:01","Course","Afternoon Run","5.01","27.5","9.0","10.91","155.4","90.0"
"14630591354","2025-05-29 07:18:16","Vélo","Morning Ride","27.22","63.7","73.0","25.65","132.6","474.0"
"14635641627","2025-05-29 16:53:36","Vélo","Afternoon Ride","27.42","63.5","51.0","25.89","128.8","461.1"
"14651133016","2025-05-31 07:59:42","Course","Morning Run","5.0","29.2","10.0","10.29","151.0",""
"14672053344","2025-06-02 07:29:40","Vélo","Morning Ride","28.91","71.8","116.0","24.16","126.5","497.8"
"14676899230","2025-06-02 16:47:09","Vélo","Afternoon Ride","28.55","69.7","86.0","24.59","122.7","479.7"
"14688976480","2025-06-03 19:44:56","Course","Evening Run","5.0","27.4","4.0","10.96","160.8",""
"14693524987","2025-06-04 07:31:19","Vélo","Morning Ride","27.68","67.8","112.0","24.51","127.0","486.9"
"14698974983","2025-06-04 17:12:35","Vélo","Afternoon Ride","28.41","70.4","89.0","24.21","132.8","469.2"
"14723375973","2025-06-07 08:21:33","Course","Morning Run","5.0","28.7","7.0","10.47","148.1",""
"14743949688","2025-06-09 07:28:11","Vélo","Morning Ride","27.85","65.3","112.0","25.59","124.5","504.8"
"14749127994","2025-06-09 16:52:32","Vélo","Afternoon Ride","27.78","68.9","85.0","24.19","125.9","451.2"
"14759712492","2025-06-10 17:25:16","Course","Afternoon Run","5.0","27.5","7.0","10.9","158.2",""
"14765288953","2025-06-11 07:21:47","Vélo","Morning Ride","27.78","69.2","112.0","24.09","131.1","483.7"
"14771143773","2025-06-11 17:41:08","Vélo","Afternoon Ride","27.76","68.4","86.0","24.35","123.8","458.5"
"14796036803","2025-06-14 08:04:14","Course","Morning Run","5.0","28.3","5.0","10.59","153.5",""
"14816299065","2025-06-16 07:17:50","Vélo","Morning Ride","27.72","65.1","112.0","25.56","127.6","497.3"
"14821807630","2025-06-16 17:25:47","Vélo","Afternoon Ride","25.28","60.4","78.0","25.13","132.6","424.1"
"14832678844","2025-06-17 17:08:30","Course","Afternoon Run","5.02","27.8","10.0","10.82","154.3",""
"14838153827","2025-06-18 06:59:14","Vélo","Morning Ride","27.72","63.0","112.0","26.39","128.3","514.6"
"14843605075","2025-06-18 16:39:45","Vélo","Afternoon Ride","27.84","65.3","85.0","25.58","130.6","479.9"
"14849109522","2025-06-19 07:22:38","Vélo","Morning Ride","27.75","68.3","112.0","24.39","126.9","475.2"
"14854617241","2025-06-19 16:56:42","Vélo","Afternoon Ride","30.81","73.3","93.0","25.22","131.6","528.4"
"14864529763","2025-06-20 19:14:16","Course","Evening Run","5.01","27.2","5.0","11.05","149.0",""
"14925911279","2025-06-26 16:11:46","Course","Afternoon Run","5.01","27.9","5.0","10.77","146.6",""
"14956482998","2025-06-29 15:12:50","Course","Afternoon Run","5.0","28.4","5.0","10.59","153.2",""
"14962007068","2025-06-30 08:13:20","Course","Morning Run","5.02","27.3","7.0","11.03","154.1",""
"14983480658","2025-07-02 07:32:23","Vélo","Morning Ride","27.14","62.9","73.0","25.91","134.5","474.9"
"15040754149","2025-07-07 20:17:55","Course","Evening Run","5.0","27.7","5.0","10.83","151.1",""
"15056833995","2025-07-09 07:24:59","Vélo","Morning Ride","27.43","62.1","74.0","26.5","139.3","492.8"
"15062632556","2025-07-09 17:32:27","Vélo","Afternoon Ride","27.52","61.9","56.0","26.68","141.0","467.3"
"15093302840","2025-07-12 13:49:25","Vélo","Afternoon Ride","60.18","132.4","73.0","27.27","147.8","988.7"
"15121239017","2025-07-15 07:21:58","Vélo","Morning Ride","27.44","62.5","75.0","26.33","135.2","488.7"
"15127028421","2025-07-15 16:59:24","Vélo","Afternoon Ride","27.24","63.2","58.0","25.87","143.7","472.6"
"15133140338","2025-07-16 07:39:44","Vélo","Morning Ride","27.37","64.5","74.0","25.48","129.5","476.2"
"15138133935","2025-07-16 16:14:36","Vélo","Afternoon Ride","27.61","68.5","57.0","24.19","134.3","440.4"
"15186095465","2025-07-21 07:11:56","Vélo","Morning Ride","27.28","65.8","74.0","24.87","133.0","460.1"
"15191638390","2025-07-21 17:09:01","Vélo","Afternoon Ride","27.44","62.0","55.0","26.56","130.9","485.6"
"15202806952","2025-07-22 16:38:09","Course","Afternoon Run","5.0","28.2","5.0","10.65","155.4",""
"15209594263","2025-07-23 08:04:47","Vélo","Morning Ride","27.49","63.0","75.0","26.18","133.1","487.4"
"15214672368","2025-07-23 16:09:54","Vélo","Afternoon Ride","27.55","64.5","56.0","25.62","132.8","455.1"
"15241403579","2025-07-26 07:56:22","Course","Morning Run","5.0","29.3","8.0","10.23","154.7",""
"15262897737","2025-07-28 07:13:51","Vélo","Morning Ride","27.45","64.7","75.0","25.45","126.5","464.8"
"15268187269","2025-07-28 16:38:42","Vélo","Afternoon Ride","27.6","66.5","59.0","24.89","135.9","445.5"
"15302821009","2025-07-31 18:27:58","Course","Evening Run","5.01","28.4","5.0","10.61","155.5",""
"15313861755","2025-08-01 20:50:22","Course","Evening Run","5.01","27.6","5.0","10.88","153.5",""
"15331724649","2025-08-03 09:28:42","Vélo","Morning Ride","26.61","64.5","80.0","24.77","132.1","473.7"
"15333396638","2025-08-03 12:08:38","Vélo","Lunch Ride","26.12","63.0","43.0","24.85","131.5","401.9"
"15381479618","2025-08-07 17:07:54","Course","Afternoon Run","5.0","28.1","5.0","10.71","154.7",""
"15404648270","2025-08-09 20:05:45","Course","Evening Run","5.02","27.7","5.0","10.89","156.7",""
"15483183108","2025-08-16 17:45:49","Course","Afternoon Run","5.0","28.3","5.0","10.62","158.0",""
"15504050047","2025-08-18 14:15:30","Course","Afternoon Run","5.0","28.6","5.0","10.51","157.4",""
"15539359865","2025-08-21 13:42:48","Vélo","Afternoon Ride","50.02","106.7","54.0","28.14","143.0","859.6"
"15550353194","2025-08-22 15:12:18","Course","Afternoon Run","5.01","28.3","5.0","10.62","150.9",""
"15597556731","2025-08-26 13:59:46","Vélo","Afternoon Ride","80.01","169.0","102.0","28.41","143.6","1391.9"
"15611675199","2025-08-27 22:14:01","Course","Night Run","5.0","27.0","5.0","11.12","148.6",""
"15629684702","2025-08-29 14:22:54","Course","Afternoon Run","10.01","58.7","6.0","10.23","158.1",""
"15654796574","2025-08-31 21:01:04","Course","Night Run","5.01","27.6","5.0","10.9","157.0",""
"15677456155","2025-09-02 19:48:45","Course","Evening Run","5.0","29.1","4.0","10.3","149.6",""
"15694023793","2025-09-04 07:21:47","Vélo","Morning Ride","27.49","64.6","77.0","25.55","134.6","484.3"
"15699489991","2025-09-04 16:28:51","Vélo","Afternoon Ride","27.34","68.3","54.0","24.01","141.1","428.9"
"15732114728","2025-09-07 12:14:58","Course","Lunch Run","10.01","57.6","6.0","10.42","156.3",""
"15813226521","2025-09-14 11:46:54","Vélo","Lunch Ride","100.02","220.1","132.0","27.26","144.6","1657.9"
"15826134246","2025-09-15 22:07:28","Course","Night Run","5.01","28.7","5.0","10.47","147.0",""
"15841853517","2025-09-17 07:16:21","Vélo","Morning Ride","27.65","65.8","78.0","25.2","135.5","484.9"
"15848516840","2025-09-17 17:32:09","Vélo","Afternoon Ride","27.27","63.9","49.0","25.6","133.0","454.7"
"15891953003","2025-09-21 14:11:42","Course","Afternoon Run","5.0","28.1","4.0","10.7","157.6",""
"15922943171","2025-09-24 11:34:46","Course","Lunch Run","10.0","56.6","6.0","10.61","158.5",""
"15937641574","2025-09-25 19:46:33","Course","Evening Run","5.01","27.5","5.0","10.92","160.1",""
"15971133114","2025-09-28 20:52:08","Course","Evening Run","5.0","27.8","5.0","10.78","151.2",""
"15974641383","2025-09-29 06:59:34","Vélo","Morning Ride","27.12","64.2","76.0","25.35","135.9","476.3"
"15980009319","2025-09-29 16:16:34","Vélo","Afternoon Ride","27.6","65.7","50.0","25.22","135.0","450.5"
"16045876524","2025-10-05 13:15:15","Vélo","Afternoon Ride","64.97","140.5","85.0","27.75","140.7","1106.0"
"16058074604","2025-10-06 20:50:40","Course","Evening Run","5.01","28.8","5.0","10.44","147.2",""
"16133200495","2025-10-13 21:24:54","Course","Night Run","5.0","27.8","5.0","10.81","151.1",""
"16196892834","2025-10-19 21:06:15","Course","Night Run","10.0","57.4","6.0","10.45","157.6",""
"16217716075","2025-10-21 21:37:58","Course","Night Run","5.0","28.6","5.0","10.49","154.0",""
"16237900020","2025-10-23 21:29:16","Course","Night Run","10.0","56.2","6.0","10.68","155.8",""
"16267740819","2025-10-26 21:50:46","Course","Night Run","5.01","27.4","5.0","10.95","153.1",""
"16284011138","2025-10-28 12:47:05","Course","Lunch Run","10.01","57.6","6.0","10.43","154.8",""
"16308206867","2025-10-30 22:06:06","Course","Night Run","5.02","27.4","5.0","11.0","155.4",""
"16359311798","2025-11-04 22:12:08","Course","Night Run","5.01","28.1","5.0","10.68","150.0",""
"16379921881","2025-11-06 20:36:36","Course","Evening Run","5.0","27.6","5.0","10.88","152.4",""
"16409201766","2025-11-09 16:30:16","Course","Afternoon Run","5.01","27.7","5.0","10.84","153.6",""
"16416336878","2025-11-10 12:15:20","Course","Lunch Run","10.01","57.1","6.0","10.52","150.8",""
"16524137531","2025-11-21 08:15:04","Course","Morning Run","5.03","30.4","11.0","9.9","154.4",""
"16548853902","2025-11-23 20:34:05","Course","Evening Run","5.01","28.3","5.0","10.64","153.4",""
"16566672881","2025-11-25 21:46:56","Course","Course à pied dans l'après-midi","5.0","28.3","0","10.59","",""
"16587342533","2025-11-27 18:38:40","Course","Evening Run","5.01","26.9","5.0","11.19","",""
"16604828088","2025-11-29 18:26:38","Course","Evening Run","5.01","27.6","5.0","10.89","",""
"16615341569","2025-11-30 21:03:27","Course","Night Run","5.01","29.1","5.0","10.32","",""
"16632804335","2025-12-02 16:15:18","Course","Afternoon Run","5.01","31.0","10.0","9.69","",""
"16651640734","2025-12-04 15:49:53","Course","Afternoon Run","5.02","28.1","3.0","10.7","",""
"16699532491","2025-12-09 20:02:52","Course","Evening Run","5.01","28.2","5.0","10.68","154.4",""
"16744532952","2025-12-14 16:46:39","Course","Afternoon Run","5.01","29.4","4.0","10.23","148.9",""
"16763014204","2025-12-16 18:34:42","Course","Evening Run","5.01","28.4","5.0","10.6","151.4",""
"16788486794","2025-12-19 17:46:27","Course","Afternoon Run","5.01","28.8","5.0","10.43","146.0",""
"16815060700","2025-12-22 17:09:06","Course","Afternoon Run","5.01","28.9","5.0","10.39","148.3",""
"16884059842","2025-12-30 08:57:42","Course","Morning Run","0.09","0.6","0.0","9.14","",""
"16913823954","2026-01-02 10:20:16","Course","Morning Run","5.01","29.8","5.0","10.08","156.8",""
"16939501952","2026-01-04 16:16:59","Course","Afternoon Run","5.0","30.4","5.0","9.86","146.5",""
"16958718720","2026-01-06 11:57:21","Course","Lunch Run","5.01","28.9","5.0","10.4","160.1",""
"16984884432","2026-01-08 18:26:11","Course","Evening Run","5.0","28.3","3.0","10.61","154.3",""
"17006981843","2026-01-10 20:16:50","Course","Evening Run","5.02","29.0","5.0","10.38","152.7",""
"17042339289","2026-01-13 21:12:24","Course","Night Run","5.0","30.0","4.0","10.02","149.8",""
"17064058705","2026-01-15 17:54:27","Course","Afternoon Run","5.01","29.6","5.0","10.17","152.9",""
"17087806992","2026-01-17 21:44:00","Course","Night Run","5.02","30.1","5.0","10.0","147.3",""
"17133377648","2026-01-21 18:18:49","Course","Evening Run","5.01","28.1","5.0","10.68","157.2",""
"17189586291","2026-01-26 21:42:35","Course","Night Run","5.01","30.1","5.0","9.98","149.5",""
"17212033428","2026-01-28 19:35:18","Course","Evening Run","5.01","31.7","7.0","9.47","154.2",""
"17222862604","2026-01-29 19:23:18","Course","Evening Run","5.01","29.6","5.0","10.18","150.0",""
"17253824794","2026-02-01 14:01:25","Course","Afternoon Run","5.01","30.5","8.0","9.84","152.7",""
"17290692046","2026-02-04 20:04:14","Course","Evening Run","5.01","28.6","5.0","10.49","151.4",""
"17323054373","2026-02-07 19:07:21","Course","Evening Run","5.01","29.2","4.0","10.28","154.4",""
"17346087941","2026-02-09 20:43:03","Course","Evening Run","5.02","28.6","5.0","10.51","152.2",""
"17357727305","2026-02-10 19:49:08","Course","Evening Run","5.01","31.4","5.0","9.59","154.4",""
"17409746679","2026-02-15 14:14:12","Course","Afternoon Run","5.0","29.2","0.0","10.28","154.5",""
"17434780226","2026-02-17 20:44:40","Course","Evening Run","5.01","29.2","5.0","10.29","149.8",""
"17513240717","2026-02-24 20:38:21","Course","Evening Run","5.02","27.8","5.0","10.83","154.6",""
"17558599786","2026-02-28 18:08:02","Course","Evening Run","5.01","29.2","5.0","10.31","155.3",""
"17630972211","2026-03-06 21:25:01","Course","Night Run","4.02","22.8","5.0","10.59","156.3",""
"17631003399","2026-03-06 21:49:36","Course","Night Run","1.0","6.0","0.0","10.02","159.6",""
"17736664189","2026-03-15 16:56:15","Course","Afternoon Run","5.01","30.5","4.0","9.86","154.8",""
"17746990599","2026-03-16 16:47:20","Course","Afternoon Run","5.0","29.0","5.0","10.34","162.3",""
"17785447036","2026-03-19 18:56:49","Course","Evening Run","5.02","29.4","5.0","10.24","154.7",""
"17820332305","2026-03-22 14:00:52","Course","Afternoon Run","5.01","31.5","0.0","9.55","151.3",""
